sentence_id,sentence,source,verified_triples,verified_count
1,Albert Einstein was a German-born theoretical physicist best known for developing the theory of relativity.,Albert Einstein,"[{""triple"": [""Albert Einstein"", ""is a type of"", ""theoretical physicist""], ""label"": ""entailment"", ""confidence"": 0.6636}, {""triple"": [""Albert Einstein"", ""is known for"", ""developing the theory of relativity""], ""label"": ""entailment"", ""confidence"": 0.7236}]",2
2,Einstein also made important contributions to quantum theory.,Albert Einstein,[],0
3,"His mass–energy equivalence formula E = mc2, which arises from special relativity, has been called ""the world's most famous equation"".",Albert Einstein,"[{""triple"": [""His mass\u2013energy equivalence formula E = mc2"", ""has been called"", ""the world's most famous equation""], ""label"": ""entailment"", ""confidence"": 0.9291}]",1
4,"He received the 1921 Nobel Prize in Physics for ""his services to theoretical physics, and especially for his discovery of the law of the photoelectric effect"".",Albert Einstein,"[{""triple"": [""He"", ""received"", ""the 1921 Nobel Prize in Physics""], ""label"": ""entailment"", ""confidence"": 0.8325}, {""triple"": [""He"", ""was awarded for"", ""his services to theoretical physics""], ""label"": ""entailment"", ""confidence"": 0.7825}, {""triple"": [""He"", ""was awarded for"", ""his discovery of the law of the photoelectric effect""], ""label"": ""entailment"", ""confidence"": 0.7897}]",3
5,"Born as a subject to the Kingdom of Württemberg, part of the German Empire, Einstein moved to Switzerland in 1895, forsaking his citizenship the following year.",Albert Einstein,[],0
6,"In 1897, at the age of seventeen, he enrolled in the mathematics and physics teaching diploma program at the Swiss federal polytechnic school in Zurich, graduating in 1900.",Albert Einstein,"[{""triple"": [""he"", ""enrolled in"", ""the mathematics and physics teaching diploma program at the Swiss federal polytechnic school in Zurich""], ""label"": ""entailment"", ""confidence"": 0.6751}, {""triple"": [""he"", ""graduating in"", ""1900""], ""label"": ""entailment"", ""confidence"": 0.6751}, {""triple"": [""he"", ""enrolled in"", ""the mathematics and physics teaching diploma program at the Swiss federal polytechnic school in Zurich""], ""label"": ""entailment"", ""confidence"": 0.6751}, {""triple"": [""he"", ""was at the age of"", ""seventeen""], ""label"": ""entailment"", ""confidence"": 0.6751}]",4
7,"He acquired Swiss citizenship a year later, which he kept for the rest of his life, and afterwards secured a permanent position at the Swiss Patent Office in Bern.",Albert Einstein,[],0
8,"In 1905, he submitted a successful PhD dissertation to the University of Zurich.",Albert Einstein,"[{""triple"": [""he"", ""submitted"", ""a successful PhD dissertation""], ""label"": ""entailment"", ""confidence"": 0.8212}, {""triple"": [""he"", ""submitted"", ""to the University of Zurich""], ""label"": ""entailment"", ""confidence"": 0.8212}]",2
9,"In 1914, he moved to Berlin to join the Prussian Academy of Sciences and the Humboldt University of Berlin, becoming director of the Kaiser Wilhelm Institute for Physics in 1917; he also became a Prussian and consequently also German citizen again.",Albert Einstein,[],0
10,"In 1933, while Einstein was visiting the United States, Adolf Hitler came to power in Germany.",Albert Einstein,[],0
11,"Horrified by the Nazi persecution of his fellow Jews, he decided to remain in the US, and was granted American citizenship in 1940.",Albert Einstein,[],0
12,"On the eve of World War II, he endorsed a letter to President Franklin D. Roosevelt alerting him to the potential German nuclear weapons program and recommending that the US begin similar research, later carried out as the Manhattan Project.",Albert Einstein,"[{""triple"": [""he"", ""endorsed a letter to"", ""President Franklin D. Roosevelt""], ""label"": ""entailment"", ""confidence"": 0.8046}, {""triple"": [""he"", ""alerting him to"", ""the potential German nuclear weapons program""], ""label"": ""entailment"", ""confidence"": 0.8046}, {""triple"": [""he"", ""recommended that the US begin"", ""similar research""], ""label"": ""entailment"", ""confidence"": 0.7546}, {""triple"": [""similar research"", ""was carried out as"", ""the Manhattan Project""], ""label"": ""entailment"", ""confidence"": 0.8046}]",4
13,"In 1905, sometimes described as his annus mirabilis , he published four groundbreaking papers.",Albert Einstein,[],0
14,"In them, he outlined a theory of the photoelectric effect, explained Brownian motion, introduced his special theory of relativity, and demonstrated that if the special theory is correct, mass and energy are equivalent to each other.",Albert Einstein,"[{""triple"": [""he"", ""outlined"", ""a theory of the photoelectric effect""], ""label"": ""entailment"", ""confidence"": 0.8578}, {""triple"": [""he"", ""explained"", ""Brownian motion""], ""label"": ""entailment"", ""confidence"": 0.8578}, {""triple"": [""he"", ""introduced"", ""his special theory of relativity""], ""label"": ""entailment"", ""confidence"": 0.8578}, {""triple"": [""he"", ""demonstrated"", ""that if the special theory is correct, mass and energy are equivalent to each other""], ""label"": ""entailment"", ""confidence"": 0.8578}]",4
15,"In 1915, he proposed a general theory of relativity that extended his system of mechanics to incorporate gravitation.",Albert Einstein,"[{""triple"": [""he"", ""proposed"", ""a general theory of relativity""], ""label"": ""entailment"", ""confidence"": 0.7786}, {""triple"": [""he"", ""extended"", ""his system of mechanics""], ""label"": ""entailment"", ""confidence"": 0.7786}, {""triple"": [""he"", ""incorporated"", ""gravitation""], ""label"": ""entailment"", ""confidence"": 0.6786}]",3
16,A paper that he published the following year laid out the implications of general relativity for the modeling of the structure and evolution of the universe as a whole.,Albert Einstein,"[{""triple"": [""paper"", ""was published by"", ""he""], ""label"": ""entailment"", ""confidence"": 0.8522}, {""triple"": [""paper"", ""laid out"", ""implications of general relativity""], ""label"": ""entailment"", ""confidence"": 0.9272}, {""triple"": [""implications of general relativity"", ""are for"", ""modeling of the structure and evolution of the universe as a whole""], ""label"": ""entailment"", ""confidence"": 0.9272}]",3
17,It introduced the cosmological constant and is further regarded as the first step in the field of modern theoretical cosmology.,Albert Einstein,[],0
18,"In 1917, Einstein wrote a paper which introduced the concepts of spontaneous emission and stimulated emission, the latter of which is the core mechanism behind the laser and maser, and which contained a trove of information that would be beneficial to developments in physics later on, such as quantum electrodynamics and quantum optics.",Albert Einstein,"[{""triple"": [""Einstein"", ""wrote"", ""a paper""], ""label"": ""entailment"", ""confidence"": 0.746}, {""triple"": [""Einstein"", ""introduced"", ""the concepts of spontaneous emission and stimulated emission""], ""label"": ""entailment"", ""confidence"": 0.746}, {""triple"": [""the concepts of spontaneous emission and stimulated emission"", ""is"", ""the core mechanism behind the laser and maser""], ""label"": ""entailment"", ""confidence"": 0.746}, {""triple"": [""the paper"", ""contained"", ""a trove of information that would be beneficial to developments in physics later on""], ""label"": ""entailment"", ""confidence"": 0.746}, {""triple"": [""a trove of information that would be beneficial to developments in physics later on"", ""would be beneficial to"", ""developments in physics later on""], ""label"": ""entailment"", ""confidence"": 0.746}, {""triple"": [""a trove of information that would be beneficial to developments in physics later on"", ""is related to"", ""quantum electrodynamics and quantum optics""], ""label"": ""entailment"", ""confidence"": 0.7187}]",6
19,"In the middle part of his career, Einstein made important contributions to statistical mechanics and quantum theory.",Albert Einstein,"[{""triple"": [""Einstein"", ""made contributions to"", ""statistical mechanics""], ""label"": ""entailment"", ""confidence"": 0.7586}, {""triple"": [""Einstein"", ""made contributions to"", ""quantum theory""], ""label"": ""entailment"", ""confidence"": 0.7586}]",2
20,"Especially notable was his work on the quantum physics of radiation, in which light consists of particles, subsequently called photons.",Albert Einstein,"[{""triple"": [""his work"", ""was notable for"", ""the quantum physics of radiation""], ""label"": ""entailment"", ""confidence"": 0.7873}, {""triple"": [""light"", ""consists of"", ""particles""], ""label"": ""entailment"", ""confidence"": 0.7873}, {""triple"": [""particles"", ""were subsequently called"", ""photons""], ""label"": ""entailment"", ""confidence"": 0.7873}]",3
21,"With physicist Satyendra Nath Bose, he laid the groundwork for Bose–Einstein statistics.",Albert Einstein,"[{""triple"": [""he"", ""laid the groundwork for"", ""Bose\u2013Einstein statistics""], ""label"": ""entailment"", ""confidence"": 0.8627}, {""triple"": [""he"", ""laid the groundwork for"", ""physicist Satyendra Nath Bose""], ""label"": ""entailment"", ""confidence"": 0.8627}]",2
22,"For much of the last phase of his academic life, Einstein worked on two endeavors that ultimately proved unsuccessful.",Albert Einstein,[],0
23,"First, he advocated against quantum theory's introduction of fundamental randomness into science's picture of the world, objecting that ""God does not play dice"".",Albert Einstein,[],0
24,"Second, he attempted to devise a unified field theory by generalizing his geometric theory of gravitation to include electromagnetism.",Albert Einstein,[],0
25,"As a result, he became increasingly isolated from mainstream modern physics.",Albert Einstein,[],0
26,"Many things are named after him, including the element Einsteinium.",Albert Einstein,"[{""triple"": [""Einsteinium"", ""is named after"", ""him""], ""label"": ""entailment"", ""confidence"": 0.912}]",1
27,"In 1999, he was named Time's Person of the Century.",Albert Einstein,"[{""triple"": [""he"", ""was named"", ""Time's Person of the Century""], ""label"": ""entailment"", ""confidence"": 0.706}]",1
28,"Life and career
Childhood, youth and education
Einstein was born in Ulm as a subject to the Kingdom of Württemberg in the German Empire on 14 March 1879.",Albert Einstein,[],0
29,"His parents, secular Ashkenazi Jews, were Hermann Einstein, a salesman and engineer, and Pauline Koch.",Albert Einstein,[],0
30,"In 1880, the family moved to Munich's borough of Ludwigsvorstadt-Isarvorstadt, where Einstein's father and his uncle Jakob founded Elektrotechnische Fabrik J. Einstein & Cie, a company that manufactured electrical equipment based on direct current.",Albert Einstein,"[{""triple"": [""Einstein's father"", ""founded"", ""Elektrotechnische Fabrik J. Einstein & Cie""], ""label"": ""entailment"", ""confidence"": 0.668}, {""triple"": [""Einstein's father"", ""and his uncle Jakob"", ""founded""], ""label"": ""entailment"", ""confidence"": 0.668}, {""triple"": [""Einstein's father and his uncle Jakob"", ""founded"", ""Elektrotechnische Fabrik J. Einstein & Cie""], ""label"": ""entailment"", ""confidence"": 0.668}, {""triple"": [""Einstein's father and his uncle Jakob"", ""founded"", ""a company""], ""label"": ""entailment"", ""confidence"": 0.668}, {""triple"": [""Einstein's father and his uncle Jakob"", ""manufactured"", ""electrical equipment""], ""label"": ""entailment"", ""confidence"": 0.668}, {""triple"": [""Einstein's father and his uncle Jakob"", ""manufactured"", ""based on direct current""], ""label"": ""entailment"", ""confidence"": 0.668}, {""triple"": [""Einstein's father and his uncle Jakob"", ""manufactured"", ""electrical equipment based on direct current""], ""label"": ""entailment"", ""confidence"": 0.668}, {""triple"": [""Einstein's father and his uncle Jakob"", ""founded"", ""a company that manufactured electrical equipment based on direct current""], ""label"": ""entailment"", ""confidence"": 0.668}, {""triple"": [""Einstein's father and his uncle Jakob"", ""founded Elektrotechnische Fabrik J. Einstein & Cie"", ""a company that manufactured electrical equipment based on direct current""], ""label"": ""entailment"", ""confidence"": 0.668}, {""triple"": [""Einstein's father and his uncle Jakob"", ""founded Elektrotechnische Fabrik J. Einstein & Cie"", ""in Munich's borough of Ludwigsvorstadt-Isarvorstadt""], ""label"": ""entailment"", ""confidence"": 0.668}, {""triple"": [""Einstein's father and his uncle Jakob"", ""founded Elektrotechnische Fabrik J. Einstein & Cie"", ""in 1880""], ""label"": ""entailment"", ""confidence"": 0.668}]",11
31,"When he was very young, his parents worried that he had a learning disability because he was very slow to learn to talk.",Albert Einstein,[],0
32,"When he was five and sick in bed, his father brought him a compass.",Albert Einstein,"[{""triple"": [""he"", ""was"", ""five""], ""label"": ""entailment"", ""confidence"": 0.7499}, {""triple"": [""he"", ""was"", ""sick in bed""], ""label"": ""entailment"", ""confidence"": 0.7499}, {""triple"": [""his father"", ""brought"", ""him""], ""label"": ""entailment"", ""confidence"": 0.7499}, {""triple"": [""his father"", ""brought"", ""a compass""], ""label"": ""entailment"", ""confidence"": 0.7499}]",4
33,This sparked his lifelong fascination with electromagnetism.,Albert Einstein,[],0
34,"He realized that ""Something deeply hidden had to be behind things.",Albert Einstein,[],0
35,"""
Einstein attended St. Peter's Catholic elementary school in Munich from the age of five.",Albert Einstein,[],0
36,"When he was eight, he was transferred to the Luitpold Gymnasium, where he received advanced primary and then secondary school education.",Albert Einstein,"[{""triple"": [""he"", ""was transferred to"", ""the Luitpold Gymnasium""], ""label"": ""entailment"", ""confidence"": 0.6677}, {""triple"": [""he"", ""received"", ""advanced primary and then secondary school education""], ""label"": ""entailment"", ""confidence"": 0.6677}]",2
37,"In 1894, Hermann and Jakob's company tendered for a contract to install electric lighting in Munich, but without success—they lacked the capital that would have been required to update their technology from direct current to the more efficient, alternating current alternative.",Albert Einstein,[],0
38,The failure of their bid forced them to sell their Munich factory and search for new opportunities elsewhere.,Albert Einstein,[],0
39,"The Einstein family moved to Italy, first to Milan and a few months later to Pavia, where they settled in Palazzo Cornazzani.",Albert Einstein,[],0
40,"Einstein, then fifteen, stayed behind in Munich in order to finish his schooling.",Albert Einstein,[],0
41,"Questions and Answers on Albert Einstein
A lbert Einstein was born at Ulm, in Württemberg, Germany, on March 14, 1879.",https://www.nobelprize.org/prizes/physics/1921/einstein/biographical/,[],0
42,"Six weeks later the family moved to Munich, where he later on began his schooling at the Luitpold Gymnasium.",https://www.nobelprize.org/prizes/physics/1921/einstein/biographical/,[],0
43,"Later, they moved to Italy and Albert continued his education at Aarau, Switzerland and in 1896 he entered the Swiss Federal Polytechnic School in Zurich to be trained as a teacher in physics and mathematics.",https://www.nobelprize.org/prizes/physics/1921/einstein/biographical/,[],0
44,"In 1901, the year he gained his diploma, he acquired Swiss citizenship and, as he was unable to find a teaching post, he accepted a position as technical assistant in the Swiss Patent Office.",https://www.nobelprize.org/prizes/physics/1921/einstein/biographical/,[],0
45,In 1905 he obtained his doctor’s degree.,https://www.nobelprize.org/prizes/physics/1921/einstein/biographical/,"[{""triple"": [""he"", ""obtained"", ""his doctor\u2019s degree""], ""label"": ""entailment"", ""confidence"": 0.9184}]",1
46,"During his stay at the Patent Office, and in his spare time, he produced much of his remarkable work and in 1908 he was appointed Privatdozent in Berne.",https://www.nobelprize.org/prizes/physics/1921/einstein/biographical/,[],0
47,"In 1909 he became Professor Extraordinary at Zurich, in 1911 Professor of Theoretical Physics at Prague, returning to Zurich in the following year to fill a similar post.",https://www.nobelprize.org/prizes/physics/1921/einstein/biographical/,[],0
48,In 1914 he was appointed Director of the Kaiser Wilhelm Physical Institute and Professor in the University of Berlin.,https://www.nobelprize.org/prizes/physics/1921/einstein/biographical/,[],0
49,He became a German citizen in 1914 and remained in Berlin until 1933 when he renounced his citizenship for political reasons and emigrated to America to take the position of Professor of Theoretical Physics at Princeton * .,https://www.nobelprize.org/prizes/physics/1921/einstein/biographical/,[],0
50,He became a United States citizen in 1940 and retired from his post in 1945.,https://www.nobelprize.org/prizes/physics/1921/einstein/biographical/,[],0
51,"After World War II, Einstein was a leading figure in the World Government Movement, he was offered the Presidency of the State of Israel, which he declined, and he collaborated with Dr. Chaim Weizmann in establishing the Hebrew University of Jerusalem.",https://www.nobelprize.org/prizes/physics/1921/einstein/biographical/,[],0
52,Einstein always appeared to have a clear view of the problems of physics and the determination to solve them.,https://www.nobelprize.org/prizes/physics/1921/einstein/biographical/,[],0
53,He had a strategy of his own and was able to visualize the main stages on the way to his goal.,https://www.nobelprize.org/prizes/physics/1921/einstein/biographical/,[],0
54,He regarded his major achievements as mere stepping-stones for the next advance.,https://www.nobelprize.org/prizes/physics/1921/einstein/biographical/,[],0
55,"At the start of his scientific work, Einstein realized the inadequacies of Newtonian mechanics and his special theory of relativity stemmed from an attempt to reconcile the laws of mechanics with the laws of the electromagnetic field.",https://www.nobelprize.org/prizes/physics/1921/einstein/biographical/,"[{""triple"": [""Einstein"", ""realized"", ""the inadequacies of Newtonian mechanics""], ""label"": ""entailment"", ""confidence"": 0.679}, {""triple"": [""Einstein's special theory of relativity"", ""stemmed from"", ""an attempt to reconcile the laws of mechanics with the laws of the electromagnetic field""], ""label"": ""entailment"", ""confidence"": 0.6576}]",2
56,He dealt with classical problems of statistical mechanics and problems in which they were merged with quantum theory: this led to an explanation of the Brownian movement of molecules.,https://www.nobelprize.org/prizes/physics/1921/einstein/biographical/,"[{""triple"": [""He"", ""dealt with"", ""classical problems of statistical mechanics""], ""label"": ""entailment"", ""confidence"": 0.717}, {""triple"": [""He"", ""dealt with"", ""problems in which they were merged with quantum theory""], ""label"": ""entailment"", ""confidence"": 0.717}, {""triple"": [""He"", ""led to"", ""an explanation of the Brownian movement of molecules""], ""label"": ""entailment"", ""confidence"": 0.717}]",3
57,He investigated the thermal properties of light with a low radiation density and his observations laid the foundation of the photon theory of light.,https://www.nobelprize.org/prizes/physics/1921/einstein/biographical/,"[{""triple"": [""He"", ""investigated"", ""the thermal properties of light""], ""label"": ""entailment"", ""confidence"": 0.74}, {""triple"": [""He"", ""laid the foundation of"", ""the photon theory of light""], ""label"": ""entailment"", ""confidence"": 0.74}, {""triple"": [""He"", ""made observations"", ""the thermal properties of light""], ""label"": ""entailment"", ""confidence"": 0.69}]",3
58,"In his early days in Berlin, Einstein postulated that the correct interpretation of the special theory of relativity must also furnish a theory of gravitation and in 1916 he published his paper on the general theory of relativity.",https://www.nobelprize.org/prizes/physics/1921/einstein/biographical/,"[{""triple"": [""Einstein"", ""was in"", ""Berlin""], ""label"": ""entailment"", ""confidence"": 0.7606}, {""triple"": [""Einstein"", ""postulated"", ""the correct interpretation of the special theory of relativity""], ""label"": ""entailment"", ""confidence"": 0.7606}, {""triple"": [""Einstein"", ""must furnish"", ""a theory of gravitation""], ""label"": ""entailment"", ""confidence"": 0.7606}, {""triple"": [""Einstein"", ""published"", ""his paper on the general theory of relativity""], ""label"": ""entailment"", ""confidence"": 0.7606}, {""triple"": [""Einstein"", ""published"", ""his paper in 1916""], ""label"": ""entailment"", ""confidence"": 0.7606}, {""triple"": [""Einstein"", ""published"", ""his paper""], ""label"": ""entailment"", ""confidence"": 0.7606}]",6
59,During this time he also contributed to the problems of the theory of radiation and statistical mechanics.,https://www.nobelprize.org/prizes/physics/1921/einstein/biographical/,[],0
60,"In the 1920s, Einstein embarked on the construction of unified field theories, although he continued to work on the probabilistic interpretation of quantum theory, and he persevered with this work in America.",https://www.nobelprize.org/prizes/physics/1921/einstein/biographical/,[],0
61,He contributed to statistical mechanics by his development of the quantum theory of a monatomic gas and he has also accomplished valuable work in connection with atomic transition probabilities and relativistic cosmology.,https://www.nobelprize.org/prizes/physics/1921/einstein/biographical/,"[{""triple"": [""He"", ""contributed to"", ""statistical mechanics""], ""label"": ""entailment"", ""confidence"": 0.7909}, {""triple"": [""He"", ""developed"", ""the quantum theory of a monatomic gas""], ""label"": ""entailment"", ""confidence"": 0.7409}, {""triple"": [""He"", ""accomplished valuable work in connection with"", ""atomic transition probabilities""], ""label"": ""entailment"", ""confidence"": 0.7909}, {""triple"": [""He"", ""accomplished valuable work in connection with"", ""relativistic cosmology""], ""label"": ""entailment"", ""confidence"": 0.7909}]",4
62,"After his retirement he continued to work towards the unification of the basic concepts of physics, taking the opposite approach, geometrisation, to the majority of physicists.",https://www.nobelprize.org/prizes/physics/1921/einstein/biographical/,[],0
63,"Einstein’s researches are, of course, well chronicled and his more important works include Special Theory of Relativity , Relativity , General Theory of Relativity , Investigations on Theory of Brownian Movement , and The Evolution of Physics .",https://www.nobelprize.org/prizes/physics/1921/einstein/biographical/,"[{""triple"": [""Einstein's researches"", ""include"", ""Special Theory of Relativity""], ""label"": ""entailment"", ""confidence"": 0.814}, {""triple"": [""Einstein's researches"", ""include"", ""Relativity""], ""label"": ""entailment"", ""confidence"": 0.814}, {""triple"": [""Einstein's researches"", ""include"", ""General Theory of Relativity""], ""label"": ""entailment"", ""confidence"": 0.814}, {""triple"": [""Einstein's researches"", ""include"", ""Investigations on Theory of Brownian Movement""], ""label"": ""entailment"", ""confidence"": 0.814}, {""triple"": [""Einstein's researches"", ""include"", ""The Evolution of Physics""], ""label"": ""entailment"", ""confidence"": 0.814}]",5
64,"Among his non-scientific works, About Zionism , Why War? , My Philosophy , and Out of My Later Years are perhaps the most important.",https://www.nobelprize.org/prizes/physics/1921/einstein/biographical/,"[{""triple"": [""About Zionism, Why War?, My Philosophy, and Out of My Later Years"", ""are"", ""perhaps the most important non-scientific works of""], ""label"": ""entailment"", ""confidence"": 0.6702}, {""triple"": [""About Zionism, Why War?, My Philosophy, and Out of My Later Years"", ""are"", ""perhaps the most important""], ""label"": ""entailment"", ""confidence"": 0.6702}, {""triple"": [""About Zionism, Why War?, My Philosophy, and Out of My Later Years"", ""are"", ""his""], ""label"": ""entailment"", ""confidence"": 0.6702}]",3
65,"Albert Einstein received honorary doctorate degrees in science, medicine and philosophy from many European and American universities.",https://www.nobelprize.org/prizes/physics/1921/einstein/biographical/,"[{""triple"": [""Albert Einstein"", ""received honorary doctorate degrees in"", ""science""], ""label"": ""entailment"", ""confidence"": 0.8307}, {""triple"": [""Albert Einstein"", ""received honorary doctorate degrees in"", ""medicine""], ""label"": ""entailment"", ""confidence"": 0.8307}, {""triple"": [""Albert Einstein"", ""received honorary doctorate degrees in"", ""philosophy""], ""label"": ""entailment"", ""confidence"": 0.8307}, {""triple"": [""Albert Einstein"", ""received honorary doctorate degrees from"", ""many European and American universities""], ""label"": ""entailment"", ""confidence"": 0.8307}]",4
66,"During the 1920’s he lectured in Europe, America and the Far East, and he was awarded Fellowships or Memberships of all the leading scientific academies throughout the world.",https://www.nobelprize.org/prizes/physics/1921/einstein/biographical/,"[{""triple"": [""he"", ""lectured in"", ""Europe""], ""label"": ""entailment"", ""confidence"": 0.7309}, {""triple"": [""he"", ""lectured in"", ""America""], ""label"": ""entailment"", ""confidence"": 0.7309}, {""triple"": [""he"", ""lectured in"", ""the Far East""], ""label"": ""entailment"", ""confidence"": 0.7309}, {""triple"": [""he"", ""was awarded Fellowships or Memberships of"", ""all the leading scientific academies throughout the world""], ""label"": ""entailment"", ""confidence"": 0.7309}]",4
67,"He gained numerous awards in recognition of his work, including the Copley Medal of the Royal Society of London in 1925, and the Franklin Medal of the Franklin Institute in 1935.",https://www.nobelprize.org/prizes/physics/1921/einstein/biographical/,"[{""triple"": [""He"", ""gained"", ""numerous awards""], ""label"": ""entailment"", ""confidence"": 0.7024}, {""triple"": [""He"", ""gained"", ""the Copley Medal""], ""label"": ""entailment"", ""confidence"": 0.7024}, {""triple"": [""He"", ""received"", ""the Copley Medal of the Royal Society of London in 1925""], ""label"": ""entailment"", ""confidence"": 0.6649}, {""triple"": [""He"", ""received"", ""the Copley Medal of the Royal Society of London""], ""label"": ""entailment"", ""confidence"": 0.6595}, {""triple"": [""He"", ""received"", ""the Copley Medal of the Royal Society of London in 1925 in recognition of his work""], ""label"": ""entailment"", ""confidence"": 0.6751}, {""triple"": [""He"", ""gained"", ""the Franklin Medal""], ""label"": ""entailment"", ""confidence"": 0.7024}, {""triple"": [""He"", ""received"", ""the Franklin Medal of the Franklin Institute in 1935""], ""label"": ""entailment"", ""confidence"": 0.6524}, {""triple"": [""He"", ""received"", ""the Franklin Medal of the Franklin Institute in 1935 in recognition of his work""], ""label"": ""entailment"", ""confidence"": 0.6691}]",8
68,"Einstein’s gifts inevitably resulted in his dwelling much in intellectual solitude and, for relaxation, music played an important part in his life.",https://www.nobelprize.org/prizes/physics/1921/einstein/biographical/,[],0
69,"He married Mileva Maric in 1903 and they had a daughter and two sons; their marriage was dissolved in 1919 and in the same year he married his cousin, Elsa Löwenthal, who died in 1936.",https://www.nobelprize.org/prizes/physics/1921/einstein/biographical/,[],0
70,"He died on April 18, 1955 at Princeton, New Jersey.",https://www.nobelprize.org/prizes/physics/1921/einstein/biographical/,[],0
71,"This autobiography/biography was written 
 at the time of the award and first
 published in the book series Les Prix Nobel .",https://www.nobelprize.org/prizes/physics/1921/einstein/biographical/,"[{""triple"": [""autobiography/biography"", ""was written"", ""at the time of the award""], ""label"": ""entailment"", ""confidence"": 0.6609}, {""triple"": [""autobiography/biography"", ""was published in"", ""book series Les Prix Nobel""], ""label"": ""entailment"", ""confidence"": 0.6609}]",2
72,It was later edited and republished in Nobel Lectures .,https://www.nobelprize.org/prizes/physics/1921/einstein/biographical/,[],0
73,"To cite this document, always state the source as shown above.",https://www.nobelprize.org/prizes/physics/1921/einstein/biographical/,[],0
74,"Albert Einstein was formally associated with the Institute for Advanced Study located in Princeton, New Jersey.",https://www.nobelprize.org/prizes/physics/1921/einstein/biographical/,"[{""triple"": [""Albert Einstein"", ""was formally associated with"", ""the Institute for Advanced Study""], ""label"": ""entailment"", ""confidence"": 0.8389}, {""triple"": [""the Institute for Advanced Study"", ""is located in"", ""Princeton, New Jersey""], ""label"": ""entailment"", ""confidence"": 0.8389}]",2
75,Six prizes were awarded for achievements that have conferred the greatest benefit to humankind.,https://www.nobelprize.org/prizes/physics/1921/einstein/biographical/,[],0
76,The 14 laureates' work and discoveries range from quantum tunnelling to promoting democratic rights.,https://www.nobelprize.org/prizes/physics/1921/einstein/biographical/,[],0
77,"Jalāl al-Dīn Muḥammad Rūmī, commonly known as Rumi , was a Sufi mystic, poet, and founder of the Islamic brotherhood known as the Mevlevi Order.",Rumi,"[{""triple"": [""Jal\u0101l al-D\u012bn Mu\u1e25ammad R\u016bm\u012b"", ""was"", ""a Sufi mystic, poet, and founder of the Islamic brotherhood known as the Mevlevi Order""], ""label"": ""entailment"", ""confidence"": 0.7274}, {""triple"": [""Jal\u0101l al-D\u012bn Mu\u1e25ammad R\u016bm\u012b"", ""was known as"", ""Rumi""], ""label"": ""entailment"", ""confidence"": 0.7274}, {""triple"": [""Jal\u0101l al-D\u012bn Mu\u1e25ammad R\u016bm\u012b"", ""was the founder of"", ""the Mevlevi Order""], ""label"": ""entailment"", ""confidence"": 0.7274}]",3
78,"Rumi is an influential figure in Sufism, and his thought and works loom large both in Persian literature and mystic poetry in general.",Rumi,"[{""triple"": [""Rumi"", ""is an influential figure in"", ""Sufism""], ""label"": ""entailment"", ""confidence"": 0.7553}, {""triple"": [""Rumi"", ""loom large in"", ""Persian literature""], ""label"": ""entailment"", ""confidence"": 0.7553}, {""triple"": [""Rumi"", ""loom large in"", ""mystic poetry""], ""label"": ""entailment"", ""confidence"": 0.7553}]",3
79,"Today, his translated works are enjoyed all over the world.",Rumi,[],0
80,The rapidly advancing Mongol hordes forced his family to flee west early on in his life.,Rumi,[],0
81,"After spending time in various cities across Iran, Baghdad, and Damascus, he settled in Konya with his family at age 19.",Rumi,[],0
82,"Until recently, Konya had been a province of the Eastern Roman Empire, hence his name, Rumi, i.e. ""the Roman"".",Rumi,"[{""triple"": [""Konya"", ""had been a province of"", ""the Eastern Roman Empire""], ""label"": ""entailment"", ""confidence"": 0.6729}, {""triple"": [""Konya"", ""hence his name"", ""Rumi""], ""label"": ""entailment"", ""confidence"": 0.6729}]",2
83,"Although he was exposed to Sufi thought from his early childhood, he was expected to follow his fathers footsteps as an Islamic scholar.",Rumi,[],0
84,"However, the arrival to Konya of the mysterious wandering dervish, Shams Tabrīzī, would alter the course of his life permanently.",Rumi,[],0
85,"Rumi and Shams became infatuated with each other, causing Rumi to neglect his duties.",Rumi,[],0
86,"When Shams mysteriously disappeared, Rumi experienced an intense period of grief reflected in his Divan of Shams Tabrīzī.",Rumi,[],0
87,"This was the defining moment in the evolution of Rumi's spiritual worldview, and marked the beginning of his poetic output.",Rumi,[],0
88,"His Masnavi, often called a ""Qur'an in Persian"", is considered one of the greatest poems of the Persian language.",Rumi,"[{""triple"": [""His Masnavi"", ""is considered one of the greatest poems of"", ""the Persian language""], ""label"": ""entailment"", ""confidence"": 0.7001}, {""triple"": [""His Masnavi"", ""is often called a"", ""Qur'an in Persian""], ""label"": ""entailment"", ""confidence"": 0.7001}]",2
89,"Many Muslims, particularly in the Turko-Persian cultural sphere, regard the Masnavi as one of the most important works of Islamic literature, falling behind only the Quran.",Rumi,"[{""triple"": [""Masnavi"", ""is considered one of the most important works of"", ""Islamic literature""], ""label"": ""entailment"", ""confidence"": 0.7378}, {""triple"": [""Masnavi"", ""falls behind"", ""Quran""], ""label"": ""entailment"", ""confidence"": 0.7003}]",2
90,"Rumi's works are widely read today across his native Greater Iran as well as in Turkey, where the Sufi brotherhood he founded is based.",Rumi,"[{""triple"": [""Rumi"", ""is based in"", ""Turkey""], ""label"": ""entailment"", ""confidence"": 0.7113}, {""triple"": [""Rumi"", ""founded"", ""the Sufi brotherhood""], ""label"": ""entailment"", ""confidence"": 0.7113}, {""triple"": [""Rumi's works"", ""are widely read today"", ""across his native Greater Iran""], ""label"": ""entailment"", ""confidence"": 0.7113}, {""triple"": [""Rumi's works"", ""are widely read today"", ""in Turkey""], ""label"": ""entailment"", ""confidence"": 0.7113}]",4
91,"His poems have been translated into many of the world's languages, and Rumi has been described as the ""world's most popular poet.""",Rumi,"[{""triple"": [""Rumi"", ""has been described as"", ""the world's most popular poet""], ""label"": ""entailment"", ""confidence"": 0.6862}, {""triple"": [""His poems"", ""have been translated into"", ""many of the world's languages""], ""label"": ""entailment"", ""confidence"": 0.6862}]",2
92,"In the United States, he has become the best selling poet in recent years.",Rumi,"[{""triple"": [""he"", ""has become"", ""the best selling poet""], ""label"": ""entailment"", ""confidence"": 0.7018}, {""triple"": [""he"", ""is in"", ""the United States""], ""label"": ""entailment"", ""confidence"": 0.7018}]",2
93,"Name
He is most commonly called Rumi in English.",Rumi,[],0
94,He is more commonly known as Mawlānā Jalāl ad-Dīn Muḥammad Rūmī .,Rumi,[],0
95,"Jalal ad-Din is an Arabic name meaning ""Glory of the Faith"".",Rumi,[],0
96,"Balkhī and Rūmī are his nisbas, meaning, respectively, ""from Balkh"" and ""from Rûm"", as he was from the Sultanate of Rûm in Anatolia.",Rumi,"[{""triple"": [""he"", ""was from"", ""the Sultanate of R\u00fbm in Anatolia""], ""label"": ""entailment"", ""confidence"": 0.6661}]",1
97,"According to the authoritative Rumi biographer Franklin Lewis of the University of Chicago, ""he Anatolian peninsula which had belonged to the Byzantine, or eastern Roman empire, had only relatively recently been conquered by Muslims and even when it came to be controlled by Turkish Muslim rulers, it was still known to Arabs, Persians and Turks as the geographical area of Rum.",Rumi,"[{""triple"": [""Anatolian peninsula"", ""had belonged to"", ""Byzantine, or eastern Roman empire""], ""label"": ""entailment"", ""confidence"": 0.7214}, {""triple"": [""Anatolian peninsula"", ""had been conquered by"", ""Muslims""], ""label"": ""entailment"", ""confidence"": 0.7214}, {""triple"": [""Anatolian peninsula"", ""was known to"", ""Arabs, Persians and Turks""], ""label"": ""entailment"", ""confidence"": 0.7214}, {""triple"": [""Anatolian peninsula"", ""was known as"", ""geographical area of Rum""], ""label"": ""entailment"", ""confidence"": 0.7214}]",4
98,"As such, there are a number of historical personages born in or associated with Anatolia known as Rumi, a word borrowed from Persian literally meaning 'Roman,' in which context Roman refers to subjects of the Byzantine Empire or simply to people living in or things associated with Anatolia.""",Rumi,"[{""triple"": [""Anatolia"", ""is associated with"", ""Rumi""], ""label"": ""entailment"", ""confidence"": 0.7566}, {""triple"": [""Rumi"", ""is a type of"", ""historical personages""], ""label"": ""entailment"", ""confidence"": 0.6816}, {""triple"": [""Rumi"", ""is a type of"", ""word""], ""label"": ""entailment"", ""confidence"": 0.6566}, {""triple"": [""Rumi"", ""is borrowed from"", ""Persian""], ""label"": ""entailment"", ""confidence"": 0.7566}, {""triple"": [""Rumi"", ""literally means"", ""'Roman,'""], ""label"": ""entailment"", ""confidence"": 0.6816}, {""triple"": [""Roman"", ""refers to"", ""subjects of the Byzantine Empire""], ""label"": ""entailment"", ""confidence"": 0.7566}, {""triple"": [""Roman"", ""refers to"", ""people living in or things associated with Anatolia""], ""label"": ""entailment"", ""confidence"": 0.7566}]",7
99,Rumi is widely known by the sobriquet Mawlānā/Molānā in Iran and popularly known as Mevlânâ in Turkey.,Rumi,"[{""triple"": [""Rumi"", ""is widely known by the sobriquet"", ""Mawl\u0101n\u0101/Mol\u0101n\u0101""], ""label"": ""entailment"", ""confidence"": 0.7227}, {""triple"": [""Rumi"", ""is widely known by the sobriquet"", ""Mawl\u0101n\u0101/Mol\u0101n\u0101 in Iran""], ""label"": ""entailment"", ""confidence"": 0.7227}, {""triple"": [""Rumi"", ""is popularly known as"", ""Mevl\u00e2n\u00e2""], ""label"": ""entailment"", ""confidence"": 0.7227}, {""triple"": [""Rumi"", ""is popularly known as"", ""Mevl\u00e2n\u00e2 in Turkey""], ""label"": ""entailment"", ""confidence"": 0.7227}]",4
100,"Mawlānā is a term of Arabic origin, meaning ""our master"".",Rumi,[],0
101,"The term مولوی Mawlawī/Mowlavi and Mevlevi , also of Arabic origin, meaning ""my master"", is also frequently used for him.",Rumi,"[{""triple"": [""\u0645\u0648\u0644\u0648\u06cc Mawlaw\u012b/Mowlavi"", ""is also frequently used for"", ""him""], ""label"": ""entailment"", ""confidence"": 0.723}]",1
102,"Life
Overview
Rumi was born to Persian parents, in Wakhsh, a village on the East bank of the Wakhsh River known as Sangtuda in present-day Tajikistan.",Rumi,[],0
103,"The area, culturally adjacent to Balkh, is where Mawlânâ's father, Bahâ' uddîn Walad, was a preacher and jurist.",Rumi,"[{""triple"": [""Bah\u00e2' udd\u00een Walad"", ""was a"", ""preacher and jurist""], ""label"": ""entailment"", ""confidence"": 0.6871}, {""triple"": [""Bah\u00e2' udd\u00een Walad"", ""was a"", ""jurist""], ""label"": ""entailment"", ""confidence"": 0.6871}]",2
104,"He lived and worked there until 1212, when Rumi was aged around five and the family moved to Samarkand.",Rumi,[],0
105,Greater Balkh was at that time a major centre of Persian culture and Sufism had developed there for several centuries.,Rumi,"[{""triple"": [""Greater Balkh"", ""was a major centre of"", ""Persian culture""], ""label"": ""entailment"", ""confidence"": 0.7191}, {""triple"": [""Greater Balkh"", ""had developed"", ""Sufism""], ""label"": ""entailment"", ""confidence"": 0.7191}]",2
106,"The most important influences upon Rumi, besides his father, were the Persian poets Attar and Sanai.",Rumi,[],0
107,"Rumi expresses his appreciation: ""Attar was the spirit, Sanai his eyes twain, And in time thereafter, Came we in their train"" and mentions in another poem: ""Attar has traversed the seven cities of Love, We are still at the turn of one street"".",Rumi,"[{""triple"": [""Rumi"", ""expresses his appreciation"", ""Attar""], ""label"": ""entailment"", ""confidence"": 0.8904}, {""triple"": [""Attar"", ""was the spirit"", ""Sanai""], ""label"": ""entailment"", ""confidence"": 0.8904}, {""triple"": [""Attar"", ""has traversed"", ""the seven cities of Love""], ""label"": ""entailment"", ""confidence"": 0.8904}, {""triple"": [""Rumi"", ""mentions"", ""Attar""], ""label"": ""entailment"", ""confidence"": 0.8904}, {""triple"": [""Rumi"", ""mentions"", ""We""], ""label"": ""entailment"", ""confidence"": 0.8904}, {""triple"": [""We"", ""are still at the turn of"", ""one street""], ""label"": ""entailment"", ""confidence"": 0.8904}]",6
108,His father was also connected to the spiritual lineage of Najm al-Din Kubra.,Rumi,"[{""triple"": [""His father"", ""was connected to"", ""the spiritual lineage of Najm al-Din Kubra""], ""label"": ""entailment"", ""confidence"": 0.8683}]",1
109,"Rumi lived most of his life under the Persianate Seljuk Sultanate of Rum, where he produced his works and died in 1273 AD.",Rumi,[],0
110,"He was buried in Konya, and his shrine became a place of pilgrimage.",Rumi,"[{""triple"": [""He"", ""was buried in"", ""Konya""], ""label"": ""entailment"", ""confidence"": 0.6783}]",1
111,"Upon his death, his followers and his son Sultan Walad founded the Mevlevi Order, also known as the Order of the Whirling Dervishes, famous for the Sufi dance known as the Sama ceremony.",Rumi,"[{""triple"": [""Sultan Walad"", ""founded"", ""the Mevlevi Order""], ""label"": ""entailment"", ""confidence"": 0.6509}, {""triple"": [""his followers"", ""founded"", ""the Mevlevi Order""], ""label"": ""entailment"", ""confidence"": 0.6509}, {""triple"": [""the Mevlevi Order"", ""is also known as"", ""the Order of the Whirling Dervishes""], ""label"": ""entailment"", ""confidence"": 0.6509}, {""triple"": [""the Mevlevi Order"", ""is famous for"", ""the Sufi dance known as the Sama ceremony""], ""label"": ""entailment"", ""confidence"": 0.6509}]",4
112,"He was laid to rest beside his father, and over his remains a shrine was erected.",Rumi,"[{""triple"": [""He"", ""was laid to rest beside"", ""his father""], ""label"": ""entailment"", ""confidence"": 0.6685}, {""triple"": [""He"", ""was laid to rest beside"", ""a shrine""], ""label"": ""entailment"", ""confidence"": 0.6685}, {""triple"": [""a shrine"", ""was erected over"", ""He""], ""label"": ""entailment"", ""confidence"": 0.6685}]",3
113,A hagiographical account of him is described in Shams ud-Din Ahmad Aflāki's Manāqib ul-Ārifīn .,Rumi,"[{""triple"": [""A hagiographical account of him"", ""is described in"", ""Shams ud-Din Ahmad Afl\u0101ki's Man\u0101qib ul-\u0100rif\u012bn""], ""label"": ""entailment"", ""confidence"": 0.902}]",1
114,This biography needs to be treated with care as it contains both legends and facts about Rumi.,Rumi,[],0
115,"For example, Professor Franklin Lewis of the University of Chicago, author of the most complete biography on Rumi, has separate sections for the hagiographical biography of Rumi and the actual biography about him.",Rumi,[],0
116,"Childhood and emigration
Rumi's father was Bahā ud-Dīn Walad, a theologian, jurist and a mystic from Wakhsh, who was also known by the followers of Rumi as Sultan al-Ulama or ""Sultan of the Scholars"".",Rumi,[],0
117,Cardiology 'heart' and -λογία 'study') is the study of the heart.,Cardiology,"[{""triple"": [""Cardiology"", ""is the study of"", ""the heart""], ""label"": ""entailment"", ""confidence"": 0.6769}]",1
118,"Cardiology is a branch of medicine that deals with disorders of the heart and the cardiovascular system, and it is a sub-specialty of internal medicine.",Cardiology,"[{""triple"": [""Cardiology"", ""is a branch of"", ""medicine""], ""label"": ""entailment"", ""confidence"": 0.7852}, {""triple"": [""Cardiology"", ""deals with"", ""disorders of the heart and the cardiovascular system""], ""label"": ""entailment"", ""confidence"": 0.7852}, {""triple"": [""Cardiology"", ""is a sub-specialty of"", ""internal medicine""], ""label"": ""entailment"", ""confidence"": 0.7852}]",3
119,"The field includes medical diagnosis and treatment of congenital heart defects, coronary artery disease, heart failure, valvular heart disease, and electrophysiology.",Cardiology,[],0
120,Physicians who specialize in this field of medicine are called cardiologists.,Cardiology,"[{""triple"": [""Physicians"", ""specialize in"", ""this field of medicine""], ""label"": ""entailment"", ""confidence"": 0.8592}, {""triple"": [""Physicians"", ""are called"", ""cardiologists""], ""label"": ""entailment"", ""confidence"": 0.8592}]",2
121,Pediatric cardiologists are pediatricians who specialize in cardiology.,Cardiology,"[{""triple"": [""Pediatric cardiologists"", ""are"", ""pediatricians""], ""label"": ""entailment"", ""confidence"": 0.8544}, {""triple"": [""Pediatric cardiologists"", ""specialize in"", ""cardiology""], ""label"": ""entailment"", ""confidence"": 0.8544}]",2
122,"Physicians who specialize in cardiac surgery are called cardiothoracic surgeons or cardiac surgeons, a specialty of general surgery.",Cardiology,"[{""triple"": [""Physicians who specialize in cardiac surgery"", ""are called"", ""cardiothoracic surgeons or cardiac surgeons""], ""label"": ""entailment"", ""confidence"": 0.705}, {""triple"": [""cardiothoracic surgeons or cardiac surgeons"", ""are a specialty of"", ""general surgery""], ""label"": ""entailment"", ""confidence"": 0.705}]",2
123,"Specializations
All cardiologists in the branch of medicine study the disorders of the heart, but the study of adult and child heart disorders each requires different training pathways.",Cardiology,[],0
124,"Therefore, an adult cardiologist is inadequately trained to take care of children, and pediatric cardiologists are not trained to treat adult heart disease.",Cardiology,[],0
125,Surgical aspects outside of cardiac rhythm device implant are not included in cardiology and are in the domain of cardiothoracic surgery.,Cardiology,[],0
126,"For example, coronary artery bypass surgery and surgical valve replacement are surgical procedures performed by surgeons, not cardiologists.",Cardiology,[],0
127,"Typically, a cardiologist would first identify who is in need of cardiac surgery and refer them to a cardiac surgeon for the procedure.",Cardiology,[],0
128,"However, an increasing number of structural interventions can be performed less invasively by cardiologists; these include coronary procedures such as cardiac catheterization and percutaneous coronary intervention; structural valve procedures such as transcatheter aortic valve implantation and MitraClip; and procedures for heart rhythm disorders such as pacemaker implantation, Implantable cardioverter-defibrillator insertion, and ablation.",Cardiology,[],0
129,"Adult cardiology
Cardiology is a specialty of internal medicine.",Cardiology,[],0
130,"To become a cardiologist in the United States, a three-year residency in internal medicine is followed by a three-year fellowship in cardiology.",Cardiology,"[{""triple"": [""a three-year residency in internal medicine"", ""is followed by"", ""a three-year fellowship in cardiology""], ""label"": ""entailment"", ""confidence"": 0.762}, {""triple"": [""a three-year residency in internal medicine"", ""is required to become"", ""a cardiologist in the United States""], ""label"": ""entailment"", ""confidence"": 0.732}]",2
131,It is possible to specialize further in a sub-specialty.,Cardiology,[],0
132,"Recognized sub-specialties in the U.S. by the Accreditation Council for Graduate Medical Education are clinical cardiac electrophysiology, interventional cardiology, adult congenital heart disease, and advanced heart failure and transplant cardiology.",Cardiology,"[{""triple"": [""Accreditation Council for Graduate Medical Education"", ""recognizes"", ""clinical cardiac electrophysiology""], ""label"": ""entailment"", ""confidence"": 0.6537}, {""triple"": [""Accreditation Council for Graduate Medical Education"", ""recognizes"", ""adult congenital heart disease""], ""label"": ""entailment"", ""confidence"": 0.657}, {""triple"": [""Accreditation Council for Graduate Medical Education"", ""recognizes"", ""advanced heart failure and transplant cardiology""], ""label"": ""entailment"", ""confidence"": 0.6597}]",3
133,"Cardiologists may further become certified in echocardiography by the National Board of Echocardiography, in nuclear cardiology by the Certification Board of Nuclear Cardiology, in cardiovascular computed tomography by the Certification Board of Cardiovascular Computed Tomography in cardiovascular MRI by the Certification Board of Cardiovascular Magnetic Resonance.",Cardiology,"[{""triple"": [""Cardiologists"", ""may become certified in"", ""echocardiography by the National Board of Echocardiography""], ""label"": ""entailment"", ""confidence"": 0.7524}, {""triple"": [""Cardiologists"", ""may become certified in"", ""nuclear cardiology by the Certification Board of Nuclear Cardiology""], ""label"": ""entailment"", ""confidence"": 0.7524}, {""triple"": [""Cardiologists"", ""may become certified in"", ""cardiovascular computed tomography by the Certification Board of Cardiovascular Computed Tomography""], ""label"": ""entailment"", ""confidence"": 0.7524}, {""triple"": [""Cardiologists"", ""may become certified in"", ""cardiovascular MRI by the Certification Board of Cardiovascular Magnetic Resonance""], ""label"": ""entailment"", ""confidence"": 0.7524}]",4
134,Recognized subspecialties in the U.S. by the American Osteopathic Association Bureau of Osteopathic Specialists include clinical cardiac electrophysiology and interventional cardiology.,Cardiology,"[{""triple"": [""American Osteopathic Association Bureau of Osteopathic Specialists"", ""include"", ""clinical cardiac electrophysiology""], ""label"": ""entailment"", ""confidence"": 0.7113}, {""triple"": [""American Osteopathic Association Bureau of Osteopathic Specialists"", ""include"", ""interventional cardiology""], ""label"": ""entailment"", ""confidence"": 0.7113}]",2
135,"In the United Kingdom, following completion of two years of foundation training and three years of internal medicine training, doctors may commence the five-year cardiology specialty training programme.",Cardiology,[],0
136,"As cardiologists are physicians, all prospective cardiologists must complete the Membership of the Royal Colleges of Physicians of the United Kingdom diploma, prior to commencing cardiology specialty training.",Cardiology,"[{""triple"": [""cardiologists"", ""are"", ""physicians""], ""label"": ""entailment"", ""confidence"": 0.8193}, {""triple"": [""prospective cardiologists"", ""must complete"", ""Membership of the Royal Colleges of Physicians of the United Kingdom diploma""], ""label"": ""entailment"", ""confidence"": 0.8193}, {""triple"": [""Membership of the Royal Colleges of Physicians of the United Kingdom diploma"", ""is required for"", ""cardiology specialty training""], ""label"": ""entailment"", ""confidence"": 0.7921}]",3
137,"It is possible to specialise in a recognised sub-specialty; the core sub-specialties are interventional cardiology, electrophysiology, cardiac imaging, heart failure, and adult congenital heart disease.",Cardiology,[],0
138,"All cardiologists must complete a core curriculum in cardiology, and may undertake further training and additional qualifications and certifications necessary for their chosen sub-specialty, before being awarded the Certificate of Completion of Training in cardiology.",Cardiology,"[{""triple"": [""cardiologists"", ""must complete"", ""core curriculum in cardiology""], ""label"": ""entailment"", ""confidence"": 0.6941}, {""triple"": [""cardiologists"", ""may undertake"", ""further training""], ""label"": ""entailment"", ""confidence"": 0.6941}, {""triple"": [""cardiologists"", ""may undertake"", ""additional qualifications""], ""label"": ""entailment"", ""confidence"": 0.6941}, {""triple"": [""cardiologists"", ""may undertake"", ""certifications""], ""label"": ""entailment"", ""confidence"": 0.6941}, {""triple"": [""cardiologists"", ""are necessary for"", ""chosen sub-specialty""], ""label"": ""entailment"", ""confidence"": 0.6941}, {""triple"": [""cardiologists"", ""are awarded"", ""Certificate of Completion of Training in cardiology""], ""label"": ""entailment"", ""confidence"": 0.6941}]",6
139,"In India, the full process of becoming a cardiologist after graduating high school takes around 11.5 years.",Cardiology,[],0
140,"After completing Class 12th , students appear for the Medical Entrance Exam conducted at the National level, and then the National Eligibility cum Entrance Test , which allows students to take MBBS/BDS courses.",Cardiology,"[{""triple"": [""Medical Entrance Exam"", ""is conducted at the"", ""National level""], ""label"": ""entailment"", ""confidence"": 0.7249}, {""triple"": [""National Eligibility cum Entrance Test"", ""allows students to take"", ""MBBS/BDS courses""], ""label"": ""entailment"", ""confidence"": 0.7249}]",2
141,The MBBS course takes 5.5 years to complete .,Cardiology,[],0
142,"Upon completing this, the student becomes a qualified doctor.",Cardiology,[],0
143,"To pursue a specialization in cardiology, students must appear for either the NEET-PG or INI-CET exam.",Cardiology,[],0
144,"Once passed, the students get to study MD in General Medicine, which takes 3 years.",Cardiology,[],0
145,"Finally, to pursue a super-specialty in cardiology, a 3 year DM in cardiology course is required.",Cardiology,[],0
146,"Per Doximity, adult cardiologists earn an average of $436,849 per year in the U.S.
Cardiac electrophysiology
Cardiac electrophysiology is the science of elucidating, diagnosing, and treating the electrical activities of the heart.",Cardiology,[],0
147,The term is usually used to describe studies of such phenomena by invasive catheter recording of spontaneous activity as well as of cardiac responses to programmed electrical stimulation .,Cardiology,[],0
148,"These studies are performed to assess complex arrhythmias, elucidate symptoms, evaluate abnormal electrocardiograms, assess the risk of developing arrhythmias in the future, and design treatment.",Cardiology,[],0
149,"These procedures increasingly include therapeutic methods (typically radiofrequency ablation, or cryoablation) in addition to diagnostic and prognostic procedures.",Cardiology,[],0
150,Other therapeutic modalities employed in this field include antiarrhythmic drug therapy and implantation of pacemakers and automatic implantable cardioverter-defibrillators .,Cardiology,"[{""triple"": [""antiarrhythmic drug therapy"", ""is a type of"", ""therapeutic modality""], ""label"": ""entailment"", ""confidence"": 0.7869}, {""triple"": [""implantation of pacemakers"", ""is a type of"", ""therapeutic modality""], ""label"": ""entailment"", ""confidence"": 0.7669}, {""triple"": [""implantation of automatic implantable cardioverter-defibrillators"", ""is a type of"", ""therapeutic modality""], ""label"": ""entailment"", ""confidence"": 0.8119}]",3
151,The cardiac electrophysiology study typically measures the response of the injured or cardiomyopathic myocardium to PES on specific pharmacological regimens in order to assess the likelihood that the regimen will successfully prevent potentially fatal sustained ventricular tachycardia or ventricular fibrillation in the future.,Cardiology,[],0
152,Sometimes a series of electrophysiology-study drug trials must be conducted to enable the cardiologist to select the one regimen for long-term treatment that best prevents or slows the development of VT or VF following PES.,Cardiology,"[{""triple"": [""cardiologist"", ""must conduct"", ""electrophysiology-study drug trials""], ""label"": ""entailment"", ""confidence"": 0.7658}, {""triple"": [""cardiologist"", ""select"", ""one regimen""], ""label"": ""entailment"", ""confidence"": 0.8086}, {""triple"": [""one regimen"", ""best prevents or slows"", ""development of VT or VF""], ""label"": ""entailment"", ""confidence"": 0.8086}, {""triple"": [""one regimen"", ""is for"", ""long-term treatment""], ""label"": ""entailment"", ""confidence"": 0.8086}, {""triple"": [""PES"", ""follows"", ""VT or VF""], ""label"": ""entailment"", ""confidence"": 0.7336}]",5
153,Such studies may also be conducted in the presence of a newly implanted or newly replaced cardiac pacemaker or AICD.,Cardiology,[],0
154,"Clinical cardiac electrophysiology
Clinical cardiac electrophysiology is a branch of the medical specialty of cardiology and is concerned with the study and treatment of rhythm disorders of the heart.",Cardiology,[],0
155,Cardiologists with expertise in this area are usually referred to as electrophysiologists.,Cardiology,"[{""triple"": [""Cardiologists"", ""are usually referred to as"", ""electrophysiologists""], ""label"": ""entailment"", ""confidence"": 0.7198}]",1
156,"Electrophysiologists are trained in the mechanism, function, and performance of the electrical activities of the heart.",Cardiology,[],0
157,"If you’ve had one, or are close to someone who has, you’re not alone.",https://www.heart.org/en/health-topics/heart-attack/about-heart-attacks,[],0
158,Many people survive a heart attack and go on to enjoy productive lives.,https://www.heart.org/en/health-topics/heart-attack/about-heart-attacks,[],0
159,The following details can help you understand what’s happened and how your heart can heal.,https://www.heart.org/en/health-topics/heart-attack/about-heart-attacks,[],0
160,"Use this information to help you live a healthier, longer life.",https://www.heart.org/en/health-topics/heart-attack/about-heart-attacks,[],0
161,See how coronary artery damage leads to a heart attack.,https://www.heart.org/en/health-topics/heart-attack/about-heart-attacks,[],0
162,Your heart muscle needs oxygen to survive.,https://www.heart.org/en/health-topics/heart-attack/about-heart-attacks,[],0
163,A heart attack occurs when the blood flow that brings oxygen to the heart is reduced or cut off.,https://www.heart.org/en/health-topics/heart-attack/about-heart-attacks,[],0
164,"If blood flow is reduced or stopped for too long, the heart muscle begins to die
View an animation of blood flow between the heart and lungs.",https://www.heart.org/en/health-topics/heart-attack/about-heart-attacks,[],0
165,"This happens when coronary arteries that supply the heart muscle with blood flow become narrowed from plaque — a buildup of fat, cholesterol and other substances.",https://www.heart.org/en/health-topics/heart-attack/about-heart-attacks,[],0
166,This slow process is known as atherosclerosis .,https://www.heart.org/en/health-topics/heart-attack/about-heart-attacks,[],0
167,"When plaque within a heart artery breaks, a blood clot forms around the plaque.",https://www.heart.org/en/health-topics/heart-attack/about-heart-attacks,[],0
168,This blood clot can block blood flow through the artery to the heart muscle.,https://www.heart.org/en/health-topics/heart-attack/about-heart-attacks,[],0
169,"About every 40 seconds, someone in the United States has a heart attack.",https://www.heart.org/en/health-topics/heart-attack/about-heart-attacks,[],0
170,Atherosclerosis may have no symptoms in its early stages.,https://www.heart.org/en/health-topics/heart-attack/about-heart-attacks,[],0
171,"But when an artery is narrowed by over 70%, there may be muscle pain or cramps.",https://www.heart.org/en/health-topics/heart-attack/about-heart-attacks,[],0
172,This happens because the surrounding tissue needs more oxygen than it’s able to receive.,https://www.heart.org/en/health-topics/heart-attack/about-heart-attacks,[],0
173,"When a coronary artery narrows and constricts blood flow, other nearby blood vessels sometimes expand to help.",https://www.heart.org/en/health-topics/heart-attack/about-heart-attacks,[],0
174,This could explain why there may be no warning signs.,https://www.heart.org/en/health-topics/heart-attack/about-heart-attacks,[],0
175,This network of expanded blood vessels is called collateral circulation .,https://www.heart.org/en/health-topics/heart-attack/about-heart-attacks,[],0
176,It helps protect some people from heart attacks by delivering needed blood to the heart.,https://www.heart.org/en/health-topics/heart-attack/about-heart-attacks,[],0
177,Collateral circulation can also develop after a heart attack to help the heart muscle recover.,https://www.heart.org/en/health-topics/heart-attack/about-heart-attacks,[],0
178,"When a heart attack occurs, the heart muscle that has lost blood supply begins to suffer injury.",https://www.heart.org/en/health-topics/heart-attack/about-heart-attacks,[],0
179,It begins to die if blood supply is not restored.,https://www.heart.org/en/health-topics/heart-attack/about-heart-attacks,[],0
180,"The amount of damage to the heart muscle depends on:
Heart muscle damaged by a heart attack heals by forming scar tissue.",https://www.heart.org/en/health-topics/heart-attack/about-heart-attacks,[],0
181,It usually takes several weeks for your heart muscle to heal.,https://www.heart.org/en/health-topics/heart-attack/about-heart-attacks,[],0
182,"The length of time depends on:
The heart is a tough organ.",https://www.heart.org/en/health-topics/heart-attack/about-heart-attacks,[],0
183,"Even if part of it has been injured, the rest of the heart keeps working.",https://www.heart.org/en/health-topics/heart-attack/about-heart-attacks,[],0
184,"Still, your heart may be weakened and unable to pump as much blood as usual.",https://www.heart.org/en/health-topics/heart-attack/about-heart-attacks,[],0
185,"With treatment and lifestyle changes , further damage can be limited or prevented.",https://www.heart.org/en/health-topics/heart-attack/about-heart-attacks,[],0
186,Learn more about heart damage detection .,https://www.heart.org/en/health-topics/heart-attack/about-heart-attacks,[],0
187,Talk to your health care professional about your recovery time.,https://www.heart.org/en/health-topics/heart-attack/about-heart-attacks,[],0
188,Heart attacks can have longer or shorter recoveries and complications.,https://www.heart.org/en/health-topics/heart-attack/about-heart-attacks,[],0
189,This depends on the size and location of the damage and the treatment you receive.,https://www.heart.org/en/health-topics/heart-attack/about-heart-attacks,[],0
190,Scar tissue may form in the damaged area.,https://www.heart.org/en/health-topics/heart-attack/about-heart-attacks,[],0
191,Scar tissue doesn’t contract or pump as well as healthy muscle tissue.,https://www.heart.org/en/health-topics/heart-attack/about-heart-attacks,[],0
192,The amount of damage to the heart muscle can affect how well the heart pumps blood.,https://www.heart.org/en/health-topics/heart-attack/about-heart-attacks,[],0
193,How much pumping function is lost depends on the size and location of the scar tissue.,https://www.heart.org/en/health-topics/heart-attack/about-heart-attacks,[],0
194,Most heart attack survivors have some kind of coronary artery disease .,https://www.heart.org/en/health-topics/heart-attack/about-heart-attacks,[],0
195,They will have to make lifestyle changes and possibly take medication to prevent a future heart attack.,https://www.heart.org/en/health-topics/heart-attack/about-heart-attacks,[],0
196,Surgeries or cardiac rehab may also be needed to help with recovery.,https://www.heart.org/en/health-topics/heart-attack/about-heart-attacks,[],0
197,"Artificial intelligence is the capability of computational systems to perform tasks typically associated with human intelligence, such as learning, reasoning, problem-solving, perception, and decision-making.",Artificial intelligence,[],0
198,"It is a field of research in engineering, mathematics and computer science that develops and studies methods and software that enable machines to perceive their environment and use learning and intelligence to take actions that maximize their chances of achieving defined goals.",Artificial intelligence,[],0
199,"High-profile applications of AI include advanced web search engines, chatbots, virtual assistants, autonomous vehicles, and play and analysis in strategy games .",Artificial intelligence,[],0
200,"Since the 2020s, generative AI has become widely available to generate images, audio, and videos from text prompts.",Artificial intelligence,[],0
201,"The traditional goals of AI research include learning, reasoning, knowledge representation, planning, natural language processing, and perception, as well as support for robotics.",Artificial intelligence,[],0
202,"To reach these goals, AI researchers have used techniques including state space search and mathematical optimization, formal logic, artificial neural networks, and methods based on statistics, operations research, and economics.",Artificial intelligence,[],0
203,"AI also draws upon psychology, linguistics, philosophy, neuroscience, and other fields.",Artificial intelligence,[],0
204,"Some companies, such as OpenAI, Google DeepMind and Meta, aim to create artificial general intelligence – AI that can complete virtually any cognitive task at least as well as a human.",Artificial intelligence,[],0
205,"Artificial intelligence was founded as an academic discipline in 1956, and the field went through multiple cycles of optimism throughout its history, followed by periods of disappointment and loss of funding, known as AI winters.",Artificial intelligence,[],0
206,"Funding and interest increased substantially after 2012, when graphics processing units began being used to accelerate neural networks, and deep learning outperformed previous AI techniques.",Artificial intelligence,[],0
207,This growth accelerated further after 2017 with the transformer architecture.,Artificial intelligence,[],0
208,"In the 2020s, an AI boom has coincided with advances in generative AI, which allowed for the creation and modification of media.",Artificial intelligence,[],0
209,"In addition to AI safety and unintended consequences and harms from the use of AI, ethical concerns, AI's long-term effects, and potential existential risks have prompted discussions of AI regulation.",Artificial intelligence,[],0
210,"Goals
The general problem of simulating intelligence has been broken into subproblems.",Artificial intelligence,[],0
211,These consist of particular traits or capabilities that researchers expect an intelligent system to display.,Artificial intelligence,[],0
212,The traits described below have received the most attention and cover the scope of AI research.,Artificial intelligence,[],0
213,"Reasoning and problem-solving
Early researchers developed algorithms that imitated step-by-step reasoning that humans use when they solve puzzles or make logical deductions.",Artificial intelligence,[],0
214,"By the late 1980s and 1990s, methods were developed for dealing with uncertain or incomplete information, employing concepts from probability and economics.",Artificial intelligence,[],0
215,"Many of these algorithms are insufficient for solving large reasoning problems because they experience a ""combinatorial explosion"": They become exponentially slower as the problems grow.",Artificial intelligence,[],0
216,Even humans rarely use the step-by-step deduction that early AI research could model.,Artificial intelligence,[],0
217,"They solve most of their problems using fast, intuitive judgments.",Artificial intelligence,[],0
218,Accurate and efficient reasoning is an unsolved problem.,Artificial intelligence,[],0
219,"Knowledge representation
Knowledge representation and knowledge engineering allow AI programs to answer questions intelligently and make deductions about real-world facts.",Artificial intelligence,[],0
220,"Formal knowledge representations are used in content-based indexing and retrieval, scene interpretation, clinical decision support, knowledge discovery (mining ""interesting"" and actionable inferences from large databases), and other areas.",Artificial intelligence,[],0
221,A knowledge base is a body of knowledge represented in a form that can be used by a program.,Artificial intelligence,[],0
222,"An ontology is the set of objects, relations, concepts, and properties used by a particular domain of knowledge.",Artificial intelligence,[],0
223,"Knowledge bases need to represent things such as objects, properties, categories, and relations between objects; situations, events, states, and time; causes and effects; knowledge about knowledge (what we know about what other people know); default reasoning (things that humans assume are true until they are told differently and will remain true even when other facts are changing); and many other aspects and domains of knowledge.",Artificial intelligence,[],0
224,"Among the most difficult problems in knowledge representation are the breadth of commonsense knowledge (the set of atomic facts that the average person knows is enormous); and the sub-symbolic form of most commonsense knowledge (much of what people know is not represented as ""facts"" or ""statements"" that they could express verbally).",Artificial intelligence,[],0
225,"There is also the difficulty of knowledge acquisition, the problem of obtaining knowledge for AI applications.",Artificial intelligence,[],0
226,"Planning and decision-making
An ""agent"" is any entity that perceives and takes actions in the world.",Artificial intelligence,[],0
227,A rational agent has goals or preferences and takes actions to make them happen.,Artificial intelligence,[],0
228,"In automated planning, the agent has a specific goal.",Artificial intelligence,[],0
229,"In automated decision-making, the agent has preferences—there are some situations it would prefer to be in, and some situations it is trying to avoid.",Artificial intelligence,[],0
230,The decision-making agent assigns a number to each situation that measures how much the agent prefers it.,Artificial intelligence,"[{""triple"": [""The decision-making agent"", ""assigns"", ""a number""], ""label"": ""entailment"", ""confidence"": 0.7234}, {""triple"": [""The decision-making agent"", ""measures"", ""how much the agent prefers it""], ""label"": ""entailment"", ""confidence"": 0.7234}]",2
231,"For each possible action, it can calculate the ""expected utility"": the utility of all possible outcomes of the action, weighted by the probability that the outcome will occur.",Artificial intelligence,[],0
232,It can then choose the action with the maximum expected utility.,Artificial intelligence,[],0
233,"In classical planning, the agent knows exactly what the effect of any action will be.",Artificial intelligence,[],0
234,"In most real-world problems, however, the agent may not be certain about the situation they are in and it may not know for certain what will happen after each possible action .",Artificial intelligence,[],0
235,It must choose an action by making a probabilistic guess and then reassess the situation to see if the action worked.,Artificial intelligence,[],0
236,"Alongside thorough testing and improvement based on previous decisions, having an explanation for why the agent took certain decisions is a way to build trust, especially when the decisions have to be relied upon.",Artificial intelligence,[],0
237,"Artificial intelligence is technology that enables computers and machines to simulate human learning, comprehension, problem solving, decision making, creativity and autonomy.",https://www.ibm.com/think/topics/artificial-intelligence,[],0
238,Applications and devices equipped with AI can see and identify objects.,https://www.ibm.com/think/topics/artificial-intelligence,[],0
239,They can understand and respond to human language.,https://www.ibm.com/think/topics/artificial-intelligence,[],0
240,They can learn from new information and experience.,https://www.ibm.com/think/topics/artificial-intelligence,[],0
241,They can make detailed recommendations to users and experts.,https://www.ibm.com/think/topics/artificial-intelligence,[],0
242,"They can act independently, replacing the need for human intelligence or intervention (a classic example being a self-driving car).",https://www.ibm.com/think/topics/artificial-intelligence,[],0
243,"But in 2024, most AI researchers, practitioners and most AI-related headlines are focused on breakthroughs in generative AI , a technology that can create original text, images, video and other content.",https://www.ibm.com/think/topics/artificial-intelligence,[],0
244,"To fully understand generative AI, it’s important to first understand the technologies on which generative AI tools are built: machine learning and deep learning .",https://www.ibm.com/think/topics/artificial-intelligence,[],0
245,"Stay up to date on the most important—and intriguing—industry trends on AI, automation, data and beyond with the Think Newsletter, delivered twice weekly.",https://www.ibm.com/think/topics/artificial-intelligence,[],0
246,See the IBM Privacy Statement .,https://www.ibm.com/think/topics/artificial-intelligence,[],0
247,"A simple way to think about AI is as a series of nested or derivative concepts that have emerged over more than 70 years:
Directly underneath AI, we have machine learning, which involves creating models by training an algorithm to make predictions or decisions based on data.",https://www.ibm.com/think/topics/artificial-intelligence,[],0
248,It encompasses a broad range of techniques that enable computers to learn from and make inferences based on data without being explicitly programmed for specific tasks.,https://www.ibm.com/think/topics/artificial-intelligence,[],0
249,"There are many types of machine learning techniques or algorithms, including linear regression , logistic regression , decision trees , random forest , support vector machines , k-nearest neighbor , clustering and more.",https://www.ibm.com/think/topics/artificial-intelligence,[],0
250,Each of these approaches is suited to different kinds of problems and data.,https://www.ibm.com/think/topics/artificial-intelligence,[],0
251,But one of the most popular types of machine learning algorithm is called a neural network .,https://www.ibm.com/think/topics/artificial-intelligence,"[{""triple"": [""machine learning algorithm"", ""is called"", ""neural network""], ""label"": ""entailment"", ""confidence"": 0.6989}]",1
252,Neural networks are modeled after the human brain's structure and function.,https://www.ibm.com/think/topics/artificial-intelligence,[],0
253,A neural network consists of interconnected layers of nodes that work together to process and analyze complex data.,https://www.ibm.com/think/topics/artificial-intelligence,[],0
254,Neural networks are well suited to tasks that involve identifying complex patterns and relationships in large amounts of data.,https://www.ibm.com/think/topics/artificial-intelligence,[],0
255,"The simplest form of machine learning is called supervised learning , which involves the use of labeled data sets to train algorithms to classify data or predict outcomes accurately.",https://www.ibm.com/think/topics/artificial-intelligence,[],0
256,"In supervised learning, humans pair each training example with an output label.",https://www.ibm.com/think/topics/artificial-intelligence,[],0
257,"The goal is for the model to learn the mapping between inputs and outputs in the training data, so it can predict the labels of new, unseen data.",https://www.ibm.com/think/topics/artificial-intelligence,[],0
258,"Deep learning is a subset of machine learning that uses multilayered neural networks, called deep neural networks, that more closely simulate the complex decision-making power of the human brain.",https://www.ibm.com/think/topics/artificial-intelligence,[],0
259,"Deep neural networks include an input layer, at least three but usually hundreds of hidden layers, and an output layer, unlike neural networks used in classic machine learning models, which usually have only one or two hidden layers.",https://www.ibm.com/think/topics/artificial-intelligence,"[{""triple"": [""Deep neural networks"", ""include"", ""an input layer""], ""label"": ""entailment"", ""confidence"": 0.8691}, {""triple"": [""Deep neural networks"", ""include"", ""at least three but usually hundreds of hidden layers""], ""label"": ""entailment"", ""confidence"": 0.8691}, {""triple"": [""Deep neural networks"", ""include"", ""an output layer""], ""label"": ""entailment"", ""confidence"": 0.8691}, {""triple"": [""neural networks used in classic machine learning models"", ""usually have"", ""only one or two hidden layers""], ""label"": ""entailment"", ""confidence"": 0.8691}]",4
260,"These multiple layers enable unsupervised learning : they can automate the extraction of features from large, unlabeled and unstructured data sets, and make their own predictions about what the data represents.",https://www.ibm.com/think/topics/artificial-intelligence,[],0
261,"Because deep learning doesn’t require human intervention, it enables machine learning at a tremendous scale.",https://www.ibm.com/think/topics/artificial-intelligence,[],0
262,"It is well suited to natural language processing , computer vision , and other tasks that involve the fast, accurate identification complex patterns and relationships in large amounts of data.",https://www.ibm.com/think/topics/artificial-intelligence,[],0
263,Some form of deep learning powers most of the artificial intelligence applications in our lives today.,https://www.ibm.com/think/topics/artificial-intelligence,[],0
264,"Deep learning also enables:
Generative AI, sometimes called ""gen AI"" , refers to deep learning models that can create complex original content such as long-form text, high-quality images, realistic video or audio and more in response to a user’s prompt or request.",https://www.ibm.com/think/topics/artificial-intelligence,"[{""triple"": [""Generative AI"", ""is referred to as"", ""deep learning models""], ""label"": ""entailment"", ""confidence"": 0.7997}, {""triple"": [""Generative AI"", ""can create"", ""complex original content""], ""label"": ""entailment"", ""confidence"": 0.8426}, {""triple"": [""Generative AI"", ""can create"", ""long-form text""], ""label"": ""entailment"", ""confidence"": 0.8426}, {""triple"": [""Generative AI"", ""can create"", ""high-quality images""], ""label"": ""entailment"", ""confidence"": 0.8426}, {""triple"": [""Generative AI"", ""can create"", ""realistic video""], ""label"": ""entailment"", ""confidence"": 0.8426}, {""triple"": [""Generative AI"", ""can create"", ""audio""], ""label"": ""entailment"", ""confidence"": 0.8426}]",6
265,"At a high level, generative models encode a simplified representation of their training data, and then draw from that representation to create new work that’s similar, but not identical, to the original data.",https://www.ibm.com/think/topics/artificial-intelligence,[],0
266,Generative models have been used for years in statistics to analyze numerical data.,https://www.ibm.com/think/topics/artificial-intelligence,[],0
267,"But over the last decade, they evolved to analyze and generate more complex data types.",https://www.ibm.com/think/topics/artificial-intelligence,[],0
268,This evolution coincided with the emergence of three sophisticated deep learning model types:,https://www.ibm.com/think/topics/artificial-intelligence,[],0
269,Gain the knowledge to prioritize AI investments that drive business growth.,https://www.ibm.com/think/topics/artificial-intelligence,[],0
270,Get started with our free AI Academy today and lead the future of AI in your organization.,https://www.ibm.com/think/topics/artificial-intelligence,[],0
271,"In general, generative AI operates in three phases:
Generative AI begins with a ""foundation model""; a deep learning model that serves as the basis for multiple different types of generative AI applications.",https://www.ibm.com/think/topics/artificial-intelligence,[],0
272,"The most common foundation models today are large language models , created for text generation applications.",https://www.ibm.com/think/topics/artificial-intelligence,[],0
273,"But there are also foundation models for image, video, sound or music generation, and multimodal foundation models that support several kinds of content.",https://www.ibm.com/think/topics/artificial-intelligence,[],0
274,"To create a foundation model, practitioners train a deep learning algorithm on huge volumes of relevant raw, unstructured, unlabeled data, such as terabytes or petabytes of data text or images or video from the internet.",https://www.ibm.com/think/topics/artificial-intelligence,[],0
275,"The training yields a neural network of billions of parameters encoded representations of the entities, patterns and relationships in the data that can generate content autonomously in response to prompts.",https://www.ibm.com/think/topics/artificial-intelligence,[],0
276,"This training process is compute-intensive, time-consuming and expensive.",https://www.ibm.com/think/topics/artificial-intelligence,[],0
277,Present-day climate change includes both global warming—the ongoing increase in global average temperature—and its wider effects on Earth's climate system.,Climate change,[],0
278,Climate change in a broader sense also includes previous long-term changes to Earth's climate.,Climate change,[],0
279,"The modern-day rise in global temperatures is driven by human activities, especially fossil fuel burning since the Industrial Revolution.",Climate change,[],0
280,"Fossil fuel use, deforestation, and some agricultural and industrial practices release greenhouse gases.",Climate change,[],0
281,"These gases absorb some of the heat that the Earth radiates after it warms from sunlight, warming the lower atmosphere.",Climate change,[],0
282,"Earth's atmosphere now has roughly 50% more carbon dioxide, the main gas driving global warming, than it did at the end of the pre-industrial era, reaching levels not seen for millions of years.",Climate change,"[{""triple"": [""Earth's atmosphere"", ""has roughly 50% more"", ""carbon dioxide""], ""label"": ""entailment"", ""confidence"": 0.7001}, {""triple"": [""Earth's atmosphere"", ""has levels of"", ""carbon dioxide""], ""label"": ""entailment"", ""confidence"": 0.7001}, {""triple"": [""carbon dioxide"", ""reaches levels not seen for"", ""millions of years""], ""label"": ""entailment"", ""confidence"": 0.6626}]",3
283,Climate change has an increasingly large impact on the environment.,Climate change,[],0
284,Heat waves and wildfires are becoming more common.,Climate change,[],0
285,"Amplified warming in the Arctic has contributed to thawing permafrost, retreat of glaciers and sea ice decline.",Climate change,[],0
286,"Higher temperatures are also causing more intense storms, droughts, and other weather extremes.",Climate change,[],0
287,"Rapid environmental change in mountains, coral reefs, and the Arctic is forcing many species to relocate or become extinct.",Climate change,[],0
288,"Even if efforts to minimize future warming are successful, some effects will continue for centuries.",Climate change,[],0
289,"These include ocean heating, ocean acidification and sea level rise.",Climate change,[],0
290,"Climate change threatens people with increased flooding, extreme heat, increased food and water scarcity, more disease, and economic loss.",Climate change,[],0
291,Human migration and conflict can also be a result.,Climate change,[],0
292,The World Health Organization calls climate change one of the biggest threats to global health in the 21st century.,Climate change,"[{""triple"": [""The World Health Organization"", ""calls"", ""climate change""], ""label"": ""entailment"", ""confidence"": 0.6938}, {""triple"": [""The World Health Organization"", ""calls"", ""one of the biggest threats to global health""], ""label"": ""entailment"", ""confidence"": 0.6938}]",2
293,Societies and ecosystems will experience more severe risks without action to limit warming.,Climate change,[],0
294,"Adapting to climate change through efforts like flood control measures or drought-resistant crops partially reduces climate change risks, although some limits to adaptation have already been reached.",Climate change,[],0
295,"Poorer communities are responsible for a small share of global emissions, yet have the least ability to adapt and are most vulnerable to climate change.",Climate change,[],0
296,"Many climate change impacts have been observed in the first decades of the 21st century, with 2024 the warmest on record at +1.60 °C since regular tracking began in 1850.",Climate change,[],0
297,"Additional warming will increase these impacts and can trigger tipping points, such as melting all of the Greenland ice sheet.",Climate change,[],0
298,"Under the 2015 Paris Agreement, nations collectively agreed to keep warming ""well under 2 °C"".",Climate change,[],0
299,"However, with pledges made under the Agreement, global warming would still reach about 2.8 °C by the end of the century.",Climate change,[],0
300,"There is widespread support for climate action worldwide, and most countries aim to stop emitting carbon dioxide.",Climate change,[],0
301,"Fossil fuels can be phased out by stopping subsidising them, conserving energy and switching to energy sources that do not produce significant carbon pollution.",Climate change,[],0
302,"These energy sources include wind, solar, hydro, and nuclear power.",Climate change,[],0
303,"Cleanly generated electricity can replace fossil fuels for powering transportation, heating buildings, and running industrial processes.",Climate change,[],0
304,"Carbon can also be removed from the atmosphere, for instance by increasing forest cover and farming with methods that store carbon in soil.",Climate change,[],0
305,"Terminology
Before the 1980s, it was unclear whether the warming effect of increased greenhouse gases was stronger than the cooling effect of airborne particulates in air pollution.",Climate change,[],0
306,Scientists used the term inadvertent climate modification to refer to human impacts on the climate at this time.,Climate change,"[{""triple"": [""Scientists"", ""used the term"", ""inadvertent climate modification""], ""label"": ""entailment"", ""confidence"": 0.8052}, {""triple"": [""Scientists"", ""refer to"", ""human impacts on the climate at this time""], ""label"": ""entailment"", ""confidence"": 0.8052}]",2
307,"In the 1980s, the terms global warming and climate change became more common, often being used interchangeably.",Climate change,[],0
308,"Scientifically, global warming refers only to increased global average surface temperature, while climate change describes both global warming and its effects on Earth's climate system, such as precipitation changes.",Climate change,[],0
309,Climate change can also be used more broadly to include changes to the climate that have happened throughout Earth's history as result of natural processes.,Climate change,[],0
310,The term anthropogenic climate change is sometimes used to describe climate change resulting from human activities.,Climate change,"[{""triple"": [""anthropogenic climate change"", ""is used to describe"", ""climate change resulting from human activities""], ""label"": ""entailment"", ""confidence"": 0.8575}]",1
311,Global warming—used as early as 1975—became the more popular term after NASA climate scientist James Hansen used it in his 1988 testimony in the U.S. Senate.,Climate change,"[{""triple"": [""Global warming"", ""was used as early as"", ""1975""], ""label"": ""entailment"", ""confidence"": 0.7167}, {""triple"": [""Global warming"", ""became the more popular term after"", ""James Hansen""], ""label"": ""entailment"", ""confidence"": 0.7167}, {""triple"": [""James Hansen"", ""used the term"", ""Global warming""], ""label"": ""entailment"", ""confidence"": 0.7167}, {""triple"": [""James Hansen"", ""used the term in his testimony"", ""U.S. Senate""], ""label"": ""entailment"", ""confidence"": 0.7167}, {""triple"": [""James Hansen"", ""testified in the"", ""U.S. Senate""], ""label"": ""entailment"", ""confidence"": 0.6667}, {""triple"": [""James Hansen"", ""used the term in his 1988 testimony in the"", ""U.S. Senate""], ""label"": ""entailment"", ""confidence"": 0.7167}]",6
312,"Since the 2000s, usage of climate change has increased.",Climate change,[],0
313,"Various scientists, politicians and media may use the terms climate crisis or climate emergency to talk about climate change, and may use the term global heating instead of global warming.",Climate change,[],0
314,"Global temperature rise
Temperatures prior to present-day global warming
Over the last few million years the climate cycled through ice ages.",Climate change,[],0
315,"One of the hotter periods was the Last Interglacial, around 125,000 years ago, where temperatures were between 0.5 °C and 1.5 °C warmer than before the start of global warming.",Climate change,[],0
316,This period saw sea levels 5 to 10 metres higher than today.,Climate change,[],0
317,Climate change refers to long-term shifts in temperatures and weather patterns.,https://www.un.org/en/climatechange/what-is-climate-change,[],0
318,"Such shifts can be natural, due to changes in the sun’s activity or large volcanic eruptions.",https://www.un.org/en/climatechange/what-is-climate-change,[],0
319,"But since the 1800s, human activities have been the main driver of climate change , primarily due to the burning of fossil fuels like coal, oil and gas.",https://www.un.org/en/climatechange/what-is-climate-change,[],0
320,"Burning fossil fuels generates greenhouse gas emissions that act like a blanket wrapped around the Earth, trapping the sun’s heat and raising temperatures.",https://www.un.org/en/climatechange/what-is-climate-change,[],0
321,The main greenhouse gases that are causing climate change include carbon dioxide and methane.,https://www.un.org/en/climatechange/what-is-climate-change,"[{""triple"": [""carbon dioxide"", ""are causing"", ""climate change""], ""label"": ""entailment"", ""confidence"": 0.6795}, {""triple"": [""carbon dioxide"", ""include"", ""carbon dioxide""], ""label"": ""entailment"", ""confidence"": 0.6795}, {""triple"": [""carbon dioxide"", ""include"", ""methane""], ""label"": ""entailment"", ""confidence"": 0.6795}, {""triple"": [""methane"", ""include"", ""carbon dioxide""], ""label"": ""entailment"", ""confidence"": 0.6795}, {""triple"": [""methane"", ""include"", ""methane""], ""label"": ""entailment"", ""confidence"": 0.6795}, {""triple"": [""methane"", ""are causing"", ""climate change""], ""label"": ""entailment"", ""confidence"": 0.6795}]",6
322,"These come from using gasoline for driving a car or coal for heating a building, for example.",https://www.un.org/en/climatechange/what-is-climate-change,[],0
323,Clearing land and cutting down forests can also release carbon dioxide.,https://www.un.org/en/climatechange/what-is-climate-change,[],0
324,"Agriculture, oil and gas operations are major sources of methane emissions.",https://www.un.org/en/climatechange/what-is-climate-change,[],0
325,"Energy, industry, transport, buildings, agriculture and land use are among the main sectors causing greenhouse gases.",https://www.un.org/en/climatechange/what-is-climate-change,[],0
326,Climate scientists have showed that humans are responsible for virtually all global heating over the last 200 years.,https://www.un.org/en/climatechange/what-is-climate-change,"[{""triple"": [""Climate scientists"", ""have showed"", ""that""], ""label"": ""entailment"", ""confidence"": 0.8617}, {""triple"": [""Climate scientists"", ""have showed"", ""humans""], ""label"": ""entailment"", ""confidence"": 0.8617}, {""triple"": [""humans"", ""are responsible for"", ""global heating""], ""label"": ""entailment"", ""confidence"": 0.8617}, {""triple"": [""humans"", ""are responsible for"", ""virtually all global heating over the last 200 years""], ""label"": ""entailment"", ""confidence"": 0.8617}]",4
327,Human activities like the ones mentioned above are causing greenhouse gases that are warming the world faster than at any time in at least the last two thousand years.,https://www.un.org/en/climatechange/what-is-climate-change,[],0
328,"The average temperature of the Earth’s surface is now about 1.42°C warmer than it was in the late 1800s-prior to the industrial revolution-and warmer than at any time in the last 100,000 years.",https://www.un.org/en/climatechange/what-is-climate-change,"[{""triple"": [""Earth's surface"", ""is warmer than"", ""it was in the late 1800s""], ""label"": ""entailment"", ""confidence"": 0.6504}, {""triple"": [""Earth's surface"", ""is warmer than"", ""at any time in the last 100,000 years""], ""label"": ""entailment"", ""confidence"": 0.6504}]",2
329,"The last decade was the warmest on record , and each of the last four decades has been warmer than any previous decade since 1850.",https://www.un.org/en/climatechange/what-is-climate-change,[],0
330,Many people think that climate change mainly means warmer temperatures.,https://www.un.org/en/climatechange/what-is-climate-change,[],0
331,But temperature rise is only the beginning of the story.,https://www.un.org/en/climatechange/what-is-climate-change,[],0
332,"Because the Earth is a system where everything is connected, changes in one area can influence changes in all others.",https://www.un.org/en/climatechange/what-is-climate-change,[],0
333,"The consequences of climate change include, among others, intense droughts, water scarcity, severe fires, rising sea levels, flooding, melting polar ice, catastrophic storms and declining biodiversity.",https://www.un.org/en/climatechange/what-is-climate-change,[],0
334,"Climate change can affect our health , ability to grow food, housing, safety and work.",https://www.un.org/en/climatechange/what-is-climate-change,[],0
335,"Some of us are already more vulnerable to climate impacts, such as people living in small island nations and other developing countries.",https://www.un.org/en/climatechange/what-is-climate-change,[],0
336,"Conditions like sea-level rise and saltwater intrusion have advanced to the point where entire communities have had to relocate, while protracted droughts are putting people at risk of famine.",https://www.un.org/en/climatechange/what-is-climate-change,[],0
337,"In the future, the number of people displaced by weather-related events is expected to rise.",https://www.un.org/en/climatechange/what-is-climate-change,[],0
338,"In a series of UN reports , thousands of scientists and government reviewers agreed that limiting global temperature rise to no more than 1.5°C would help us avoid the worst climate impacts and maintain a liveable climate.",https://www.un.org/en/climatechange/what-is-climate-change,[],0
339,Yet policies currently in place point to up to 2.8°C of warming by the end of the century.,https://www.un.org/en/climatechange/what-is-climate-change,[],0
340,"The emissions that cause climate change come from every part of the world and affect everyone, but some countries produce much more than others .",https://www.un.org/en/climatechange/what-is-climate-change,[],0
341,"The six biggest emitters (China, the United States of America, India, the European Union, the Russian Federation, and Indonesia) together account for more than half of all global greenhouse gas emissions.",https://www.un.org/en/climatechange/what-is-climate-change,"[{""triple"": [""China"", ""account for"", ""more than half of all global greenhouse gas emissions""], ""label"": ""entailment"", ""confidence"": 0.7599}, {""triple"": [""the United States of America"", ""account for"", ""more than half of all global greenhouse gas emissions""], ""label"": ""entailment"", ""confidence"": 0.7599}, {""triple"": [""India"", ""account for"", ""more than half of all global greenhouse gas emissions""], ""label"": ""entailment"", ""confidence"": 0.7599}, {""triple"": [""the European Union"", ""account for"", ""more than half of all global greenhouse gas emissions""], ""label"": ""entailment"", ""confidence"": 0.7599}, {""triple"": [""the Russian Federation"", ""account for"", ""more than half of all global greenhouse gas emissions""], ""label"": ""entailment"", ""confidence"": 0.7599}, {""triple"": [""Indonesia"", ""account for"", ""more than half of all global greenhouse gas emissions""], ""label"": ""entailment"", ""confidence"": 0.7599}]",6
342,"By contrast, the 45 least developed countries contribute only 3 per cent of global greenhouse gas emissions.",https://www.un.org/en/climatechange/what-is-climate-change,[],0
343,"Everyone must take climate action, but people and countries creating more of the problem have a greater responsibility to act first.",https://www.un.org/en/climatechange/what-is-climate-change,[],0
344,Many climate change solutions can deliver economic benefits while improving our lives and protecting the environment.,https://www.un.org/en/climatechange/what-is-climate-change,[],0
345,"We also have global frameworks and agreements to guide progress, such as the Sustainable Development Goals , the UN Framework Convention on Climate Change and the Paris Agreement .",https://www.un.org/en/climatechange/what-is-climate-change,"[{""triple"": [""Sustainable Development Goals"", ""are a part of"", ""global frameworks and agreements""], ""label"": ""entailment"", ""confidence"": 0.8895}, {""triple"": [""Sustainable Development Goals"", ""are a part of"", ""guidance for progress""], ""label"": ""entailment"", ""confidence"": 0.8324}, {""triple"": [""UN Framework Convention on Climate Change"", ""is a part of"", ""global frameworks and agreements""], ""label"": ""entailment"", ""confidence"": 0.8991}, {""triple"": [""UN Framework Convention on Climate Change"", ""is a part of"", ""guidance for progress""], ""label"": ""entailment"", ""confidence"": 0.8574}, {""triple"": [""Paris Agreement"", ""is a part of"", ""global frameworks and agreements""], ""label"": ""entailment"", ""confidence"": 0.8824}, {""triple"": [""Paris Agreement"", ""is a part of"", ""guidance for progress""], ""label"": ""entailment"", ""confidence"": 0.8124}]",6
346,"Three broad categories of action are: cutting emissions, adapting to climate impacts and financing required adjustments.",https://www.un.org/en/climatechange/what-is-climate-change,[],0
347,Switching energy systems from fossil fuels to renewables like solar or wind will reduce the emissions driving climate change.,https://www.un.org/en/climatechange/what-is-climate-change,[],0
348,But we have to act now.,https://www.un.org/en/climatechange/what-is-climate-change,[],0
349,"While a growing number of countries is committing to net zero emissions by 2050, emissions must be cut in half by 2030 to keep warming below 1.5°C.",https://www.un.org/en/climatechange/what-is-climate-change,[],0
350,"Achieving this means huge declines in the use of coal, oil and gas: production and consumption of all fossil fuels need to be cut by at least 30 per cent by 2030 in order to prevent catastrophic levels of climate change.",https://www.un.org/en/climatechange/what-is-climate-change,[],0
351,"Adapting to climate consequences protects people, homes, businesses, livelihoods, infrastructure and natural ecosystems.",https://www.un.org/en/climatechange/what-is-climate-change,[],0
352,It covers current impacts and those likely in the future.,https://www.un.org/en/climatechange/what-is-climate-change,[],0
353,Adaptation will be required everywhere but must be prioritized now for the most vulnerable people with the fewest resources to cope with climate hazards.,https://www.un.org/en/climatechange/what-is-climate-change,[],0
354,The rate of return can be high.,https://www.un.org/en/climatechange/what-is-climate-change,[],0
355,"Early warning systems for disasters, for instance, save lives and property, and can deliver benefits up to 10 times the initial cost.",https://www.un.org/en/climatechange/what-is-climate-change,[],0
356,Climate action requires significant financial investments by governments and businesses.,https://www.un.org/en/climatechange/what-is-climate-change,"[{""triple"": [""governments"", ""require"", ""significant financial investments""], ""label"": ""entailment"", ""confidence"": 0.8376}, {""triple"": [""businesses"", ""require"", ""significant financial investments""], ""label"": ""entailment"", ""confidence"": 0.8376}]",2
357,"Penicillins are a group of β-lactam antibiotics originally obtained from Penicillium moulds, principally P. chrysogenum and P. rubens.",Penicillin,"[{""triple"": [""Penicillins"", ""are a group of"", ""\u03b2-lactam antibiotics""], ""label"": ""entailment"", ""confidence"": 0.7632}, {""triple"": [""Penicillins"", ""are originally obtained from"", ""Penicillium moulds""], ""label"": ""entailment"", ""confidence"": 0.7632}, {""triple"": [""Penicillins"", ""are originally obtained from"", ""P. chrysogenum""], ""label"": ""entailment"", ""confidence"": 0.7632}, {""triple"": [""Penicillins"", ""are originally obtained from"", ""P. rubens""], ""label"": ""entailment"", ""confidence"": 0.7632}]",4
358,Most penicillins in clinical use are synthesised by P. chrysogenum using deep tank fermentation and then purified.,Penicillin,[],0
359,"A number of natural penicillins have been discovered, but only two purified compounds are in clinical use: penicillin G and penicillin V .",Penicillin,"[{""triple"": [""penicillin G"", ""are in clinical use"", ""penicillin V""], ""label"": ""entailment"", ""confidence"": 0.6955}, {""triple"": [""penicillin V"", ""are in clinical use"", ""penicillin G""], ""label"": ""entailment"", ""confidence"": 0.6955}]",2
360,Penicillins were among the first medications to be effective against many bacterial infections caused by staphylococci and streptococci.,Penicillin,"[{""triple"": [""Penicillins"", ""were effective against"", ""many bacterial infections caused by staphylococci and streptococci""], ""label"": ""entailment"", ""confidence"": 0.8385}, {""triple"": [""Penicillins"", ""were among the first medications"", ""to be effective against many bacterial infections caused by staphylococci and streptococci""], ""label"": ""entailment"", ""confidence"": 0.8385}]",2
361,"They are still widely used today for various bacterial infections, though many types of bacteria have developed resistance following extensive use.",Penicillin,[],0
362,"In the United States, 10% of the population claims penicillin allergies, but because the frequency of positive skin test results decreases by 10% with each year of avoidance, 90% of these patients can eventually tolerate penicillin.",Penicillin,[],0
363,"Additionally, those with penicillin allergies can usually tolerate cephalosporins because the immunoglobulin E cross-reactivity is only 3%.",Penicillin,"[{""triple"": [""penicillin allergies"", ""can be tolerated by"", ""cephalosporins""], ""label"": ""entailment"", ""confidence"": 0.6763}, {""triple"": [""cephalosporins"", ""are similar to"", ""penicillin""], ""label"": ""entailment"", ""confidence"": 0.6763}, {""triple"": [""immunoglobulin E cross-reactivity"", ""is"", ""3%""], ""label"": ""entailment"", ""confidence"": 0.7763}]",3
364,Penicillin was discovered in 1928 by the Scottish physician Alexander Fleming as a crude extract of P. rubens.,Penicillin,"[{""triple"": [""Penicillin"", ""was discovered in"", ""1928""], ""label"": ""entailment"", ""confidence"": 0.7978}, {""triple"": [""Penicillin"", ""was discovered by"", ""Alexander Fleming""], ""label"": ""entailment"", ""confidence"": 0.7978}, {""triple"": [""Penicillin"", ""was discovered as"", ""a crude extract of P. rubens""], ""label"": ""entailment"", ""confidence"": 0.7978}, {""triple"": [""Alexander Fleming"", ""is a"", ""Scottish physician""], ""label"": ""entailment"", ""confidence"": 0.7978}]",4
365,Fleming's student Cecil George Paine was the first to successfully use penicillin to treat eye infection in 1930.,Penicillin,"[{""triple"": [""Cecil George Paine"", ""was the first to successfully use"", ""penicillin""], ""label"": ""entailment"", ""confidence"": 0.6747}, {""triple"": [""Cecil George Paine"", ""treat"", ""eye infection""], ""label"": ""entailment"", ""confidence"": 0.6747}, {""triple"": [""Cecil George Paine"", ""was"", ""Fleming's student""], ""label"": ""entailment"", ""confidence"": 0.6747}, {""triple"": [""Cecil George Paine"", ""use"", ""penicillin""], ""label"": ""entailment"", ""confidence"": 0.6747}, {""triple"": [""Cecil George Paine"", ""treat"", ""eye infection in 1930""], ""label"": ""entailment"", ""confidence"": 0.6747}]",5
366,The purified compound was isolated in 1940 by a research team led by Howard Florey and Ernst Boris Chain at the University of Oxford.,Penicillin,"[{""triple"": [""The purified compound"", ""was isolated in"", ""1940""], ""label"": ""entailment"", ""confidence"": 0.7792}, {""triple"": [""The purified compound"", ""was isolated by"", ""a research team led by Howard Florey and Ernst Boris Chain""], ""label"": ""entailment"", ""confidence"": 0.7792}, {""triple"": [""a research team led by Howard Florey and Ernst Boris Chain"", ""led by"", ""Howard Florey and Ernst Boris Chain""], ""label"": ""entailment"", ""confidence"": 0.7792}, {""triple"": [""a research team led by Howard Florey and Ernst Boris Chain"", ""is located at"", ""the University of Oxford""], ""label"": ""entailment"", ""confidence"": 0.7542}]",4
367,Fleming first used the purified penicillin to treat streptococcal meningitis in 1942.,Penicillin,"[{""triple"": [""Fleming"", ""first used"", ""the purified penicillin""], ""label"": ""entailment"", ""confidence"": 0.7233}, {""triple"": [""Fleming"", ""used"", ""the purified penicillin to treat streptococcal meningitis""], ""label"": ""entailment"", ""confidence"": 0.7233}, {""triple"": [""the purified penicillin"", ""was used to treat"", ""streptococcal meningitis""], ""label"": ""entailment"", ""confidence"": 0.7233}, {""triple"": [""Fleming"", ""used"", ""penicillin to treat streptococcal meningitis in 1942""], ""label"": ""entailment"", ""confidence"": 0.7233}, {""triple"": [""the purified penicillin"", ""was used in"", ""1942""], ""label"": ""entailment"", ""confidence"": 0.7233}]",5
368,"The 1945 Nobel Prize in Physiology or Medicine was shared by Chain, Fleming and Florey.",Penicillin,"[{""triple"": [""Chain"", ""shared the Nobel Prize in Physiology or Medicine"", ""1945""], ""label"": ""entailment"", ""confidence"": 0.7266}, {""triple"": [""Fleming"", ""shared the Nobel Prize in Physiology or Medicine"", ""1945""], ""label"": ""entailment"", ""confidence"": 0.7266}, {""triple"": [""Florey"", ""shared the Nobel Prize in Physiology or Medicine"", ""1945""], ""label"": ""entailment"", ""confidence"": 0.7266}]",3
369,"Several semisynthetic penicillins are effective against a broader spectrum of bacteria: these include the antistaphylococcal penicillins, aminopenicillins, and antipseudomonal penicillins.",Penicillin,"[{""triple"": [""semisynthetic penicillins"", ""are effective against"", ""a broader spectrum of bacteria""], ""label"": ""entailment"", ""confidence"": 0.742}, {""triple"": [""these"", ""include"", ""the antistaphylococcal penicillins""], ""label"": ""entailment"", ""confidence"": 0.742}, {""triple"": [""these"", ""include"", ""the aminopenicillins""], ""label"": ""entailment"", ""confidence"": 0.742}, {""triple"": [""these"", ""include"", ""the antipseudomonal penicillins""], ""label"": ""entailment"", ""confidence"": 0.742}]",4
370,"Nomenclature
The term ""penicillin"" is defined as the natural product of Penicillium mould with antimicrobial activity.",Penicillin,[],0
371,It was coined by Alexander Fleming on 7 March 1929 when he discovered the antibacterial property of Penicillium rubens.,Penicillin,"[{""triple"": [""Penicillium rubens"", ""has antibacterial property"", ""antibacterial property""], ""label"": ""entailment"", ""confidence"": 0.8022}, {""triple"": [""Alexander Fleming"", ""discovered"", ""Penicillium rubens""], ""label"": ""entailment"", ""confidence"": 0.8622}, {""triple"": [""Alexander Fleming"", ""coined"", ""Penicillium rubens""], ""label"": ""entailment"", ""confidence"": 0.8622}]",3
372,"Fleming explained in his 1929 paper in the British Journal of Experimental Pathology that ""to avoid the repetition of the rather cumbersome phrase 'Mould broth filtrate', the name 'penicillin' will be used"".",Penicillin,[],0
373,"The name thus refers to the scientific name of the mould, as described by Fleming in his Nobel lecture in 1945:
I have been frequently asked why I invented the name ""Penicillin"".",Penicillin,[],0
374,"I simply followed perfectly orthodox lines and coined a word which explained that the substance penicillin was derived from a plant of the genus Penicillium just as many years ago the word ""Digitalin"" was invented for a substance derived from the plant Digitalis.",Penicillin,"[{""triple"": [""penicillin"", ""was derived from"", ""a plant of the genus Penicillium""], ""label"": ""entailment"", ""confidence"": 0.7223}, {""triple"": [""Digitalin"", ""was invented for"", ""a substance derived from the plant Digitalis""], ""label"": ""entailment"", ""confidence"": 0.7223}]",2
375,In modern usage penicillin is used more broadly to refer to any β-lactam antimicrobial that contains a thiazolidine ring fused to the β-lactam core and may or may not be a natural product.,Penicillin,[],0
376,"Like most natural products, penicillin is present in Penicillium moulds as a mixture of active constituents (gentamicin is another example of a natural product that is an ill-defined mixture of active components).",Penicillin,"[{""triple"": [""Penicillium moulds"", ""is present in"", ""penicillin""], ""label"": ""entailment"", ""confidence"": 0.7702}, {""triple"": [""gentamicin"", ""is an example of"", ""a natural product""], ""label"": ""entailment"", ""confidence"": 0.7702}, {""triple"": [""gentamicin"", ""is an ill-defined mixture of"", ""active components""], ""label"": ""entailment"", ""confidence"": 0.7702}]",3
377,The principal active components of Penicillium are listed in the following table:,Penicillin,[],0
378,"Other minor active components of Penicillium include penicillin O, penicillin U1, and penicillin U6.",Penicillin,"[{""triple"": [""Penicillium"", ""include"", ""penicillin O""], ""label"": ""entailment"", ""confidence"": 0.8156}, {""triple"": [""Penicillium"", ""include"", ""penicillin U1""], ""label"": ""entailment"", ""confidence"": 0.8156}, {""triple"": [""Penicillium"", ""include"", ""penicillin U6""], ""label"": ""entailment"", ""confidence"": 0.8156}]",3
379,"Other named constituents of natural Penicillium, such as penicillin A, were subsequently found not to have antibiotic activity and are not chemically related to antibiotic penicillins.",Penicillin,"[{""triple"": [""penicillin A"", ""are not chemically related to"", ""antibiotic penicillins""], ""label"": ""entailment"", ""confidence"": 0.6749}, {""triple"": [""penicillin A"", ""were found not to have"", ""antibiotic activity""], ""label"": ""entailment"", ""confidence"": 0.6749}]",2
380,The precise constitution of the penicillin extracted depends on the species of Penicillium mould used and on the nutrient media used to culture the mould.,Penicillin,"[{""triple"": [""Penicillium mould"", ""used to culture"", ""mould""], ""label"": ""entailment"", ""confidence"": 0.7485}, {""triple"": [""Penicillium mould"", ""used in"", ""nutrient media""], ""label"": ""entailment"", ""confidence"": 0.7485}, {""triple"": [""penicillin extracted"", ""depends on"", ""species of Penicillium mould""], ""label"": ""entailment"", ""confidence"": 0.7485}, {""triple"": [""penicillin extracted"", ""depends on"", ""nutrient media""], ""label"": ""entailment"", ""confidence"": 0.7485}]",4
381,"Fleming's original strain of Penicillium rubens produces principally penicillin F, named after Fleming.",Penicillin,"[{""triple"": [""Fleming's original strain of Penicillium rubens"", ""produces"", ""penicillin F""], ""label"": ""entailment"", ""confidence"": 0.8365}, {""triple"": [""penicillin F"", ""is named after"", ""Fleming""], ""label"": ""entailment"", ""confidence"": 0.8365}]",2
382,"But penicillin F is unstable, difficult to isolate, and produced by the mould in small quantities.",Penicillin,[],0
383,The principal commercial strain of Penicillium chrysogenum produces penicillin G as the principal component when corn steep liquor is used as the culture medium.,Penicillin,"[{""triple"": [""Penicillium chrysogenum"", ""produces"", ""penicillin G""], ""label"": ""entailment"", ""confidence"": 0.8168}, {""triple"": [""Penicillium chrysogenum"", ""produces"", ""the principal component""], ""label"": ""entailment"", ""confidence"": 0.8168}, {""triple"": [""corn steep liquor"", ""is used as"", ""the culture medium""], ""label"": ""entailment"", ""confidence"": 0.8168}]",3
384,"When phenoxyethanol or phenoxyacetic acid are added to the culture medium, the mould produces penicillin V as the main penicillin instead.",Penicillin,"[{""triple"": [""phenoxyethanol"", ""is added to"", ""culture medium""], ""label"": ""entailment"", ""confidence"": 0.6544}, {""triple"": [""phenoxyacetic acid"", ""is added to"", ""culture medium""], ""label"": ""entailment"", ""confidence"": 0.6544}, {""triple"": [""the mould"", ""produces"", ""penicillin V""], ""label"": ""entailment"", ""confidence"": 0.6544}]",3
385,"6-Aminopenicillanic acid is a compound derived from penicillin G. 6-APA contains the beta-lactam core of penicillin G, but with the side chains stripped off; 6-APA is a useful precursor for manufacturing other penicillins.",Penicillin,[],0
386,"There are many semi-synthetic penicillins derived from 6-APA and these are in three groups: antistaphylococcal penicillins, broad-spectrum penicillins, and antipseudomonal penicillins.",Penicillin,"[{""triple"": [""6-APA"", ""is derived from"", ""semi-synthetic penicillins""], ""label"": ""entailment"", ""confidence"": 0.7445}, {""triple"": [""semi-synthetic penicillins"", ""are in"", ""three groups""], ""label"": ""entailment"", ""confidence"": 0.7445}, {""triple"": [""semi-synthetic penicillins"", ""are in"", ""antistaphylococcal penicillins""], ""label"": ""entailment"", ""confidence"": 0.7445}, {""triple"": [""semi-synthetic penicillins"", ""are in"", ""broad-spectrum penicillins""], ""label"": ""entailment"", ""confidence"": 0.7445}, {""triple"": [""semi-synthetic penicillins"", ""are in"", ""antipseudomonal penicillins""], ""label"": ""entailment"", ""confidence"": 0.7445}]",5
387,"The semi-synthetic penicillins are all referred to as penicillins because they are all derived ultimately from penicillin G.
Penicillin units
One unit of penicillin G sodium is defined as 0.600 micrograms.",Penicillin,"[{""triple"": [""penicillins"", ""are referred to as"", ""penicillins""], ""label"": ""entailment"", ""confidence"": 0.6874}, {""triple"": [""penicillins"", ""are derived from"", ""penicillin G""], ""label"": ""entailment"", ""confidence"": 0.6874}, {""triple"": [""penicillin G sodium"", ""is defined as"", ""0.600 micrograms""], ""label"": ""entailment"", ""confidence"": 0.6874}]",3
388,"Therefore, 2 million units of penicillin G is 1.2 g.
One unit of penicillin V potassium is defined as 0.625 micrograms.",Penicillin,"[{""triple"": [""2 million units of penicillin G"", ""is"", ""1.2 g""], ""label"": ""entailment"", ""confidence"": 0.6611}, {""triple"": [""One unit of penicillin V potassium"", ""is defined as"", ""0.625 micrograms""], ""label"": ""entailment"", ""confidence"": 0.6611}]",2
389,"Therefore 400,000 units of penicillin V is 250 mg.",Penicillin,[],0
390,The use of units to prescribe penicillin is largely obsolete outside of the US.,Penicillin,[],0
391,"Since the original penicillin was an ill-defined mixture of active compounds , the potency of penicillin varied from batch to batch.",Penicillin,[],0
392,It was therefore impractical to prescribe 1 g of penicillin because the activity of 1 g of penicillin from one batch would be different from the activity from another batch.,Penicillin,[],0
393,"To address this problem, after manufacture, each batch of penicillin was standardised against a known unit of penicillin: each glass vial was then filled with the number of units required.",Penicillin,"[{""triple"": [""each batch of penicillin"", ""was standardised against"", ""a known unit of penicillin""], ""label"": ""entailment"", ""confidence"": 0.8295}, {""triple"": [""each glass vial"", ""was filled with"", ""the number of units required""], ""label"": ""entailment"", ""confidence"": 0.8295}]",2
394,"In the 1940s, a vial of 5,000 Oxford units was standard, but the depending on the batch, could contain anything from 15 mg to 20 mg of penicillin.",Penicillin,[],0
395,"Later, a vial of 1,000,000 international units became standard, and this could contain 2.5 g to 3 g of natural penicillin (a mixture of penicillin I, II, III, and IV and natural impurities).",Penicillin,"[{""triple"": [""a vial of 1,000,000 international units"", ""became standard"", ""later""], ""label"": ""entailment"", ""confidence"": 0.6588}, {""triple"": [""a vial of 1,000,000 international units"", ""could contain"", ""2.5 g to 3 g of natural penicillin""], ""label"": ""entailment"", ""confidence"": 0.6588}, {""triple"": [""2.5 g to 3 g of natural penicillin"", ""is a mixture of"", ""penicillin I, II, III, and IV and natural impurities""], ""label"": ""entailment"", ""confidence"": 0.6588}]",3
396,"With the advent of pure penicillin G preparations , there is little reason to prescribe penicillin in units, although units are still used for benzathine benzylpenicillin in the United States.",Penicillin,[],0
397,The Silk Road was a network of Asian trade routes active from the second century BCE until the mid-15th century.,Silk Road,[],0
398,"Spanning over 6,400 km on land, it played a central role in facilitating economic, cultural, political, and religious interactions between the Eastern and Western worlds.",Silk Road,[],0
399,"The name ""Silk Road"" was coined in the late 19th century, but some 20th- and 21st-century historians instead prefer the term Silk Routes, on the grounds that it more accurately describes the intricate web of land and sea routes connecting Central, East, South, Southeast, and West Asia as well as East Africa and Southern Europe.",Silk Road,[],0
400,"In fact, some scholars criticise or even dismiss the idea of silk roads and call for a new definition or alternate term.",Silk Road,[],0
401,"According to them, the literature using this term has ""privileged the sedentary and literate empires at either end of Eurasia"" thereby ignoring the contributions of steppe nomads.",Silk Road,[],0
402,"In addition, the classic definition sidelines prominent civilisations such as India and Iran.",Silk Road,[],0
403,The Silk Road derives its name from the highly lucrative trade of silk textiles that were primarily produced in China.,Silk Road,"[{""triple"": [""The Silk Road"", ""derives its name from"", ""the highly lucrative trade of silk textiles""], ""label"": ""entailment"", ""confidence"": 0.7459}, {""triple"": [""The Silk Road"", ""was primarily produced in"", ""China""], ""label"": ""entailment"", ""confidence"": 0.7459}]",2
404,"The network began with the expansion of the Han dynasty into Central Asia around 114 BCE, through the missions and explorations of the Chinese imperial envoy Zhang Qian, which brought the region under unified control.",Silk Road,"[{""triple"": [""Han dynasty"", ""expanded into"", ""Central Asia""], ""label"": ""entailment"", ""confidence"": 0.6837}, {""triple"": [""Zhang Qian"", ""brought"", ""the region under unified control""], ""label"": ""entailment"", ""confidence"": 0.7337}, {""triple"": [""Zhang Qian"", ""was a"", ""Chinese imperial envoy""], ""label"": ""entailment"", ""confidence"": 0.7337}]",3
405,"The Chinese took great interest in the security of their trade products, and extended the Great Wall of China to ensure the protection of the trade route.",Silk Road,"[{""triple"": [""The Chinese"", ""extended"", ""the Great Wall of China""], ""label"": ""entailment"", ""confidence"": 0.769}, {""triple"": [""The Chinese"", ""took interest in"", ""the security of their trade products""], ""label"": ""entailment"", ""confidence"": 0.769}, {""triple"": [""The Chinese"", ""extended"", ""the protection of the trade route""], ""label"": ""entailment"", ""confidence"": 0.769}]",3
406,The Parthian Empire provided a vital bridge connecting the network to the Mediterranean.,Silk Road,"[{""triple"": [""The Parthian Empire"", ""provided a vital bridge connecting"", ""the network""], ""label"": ""entailment"", ""confidence"": 0.8326}, {""triple"": [""The Parthian Empire"", ""is connected to"", ""the Mediterranean""], ""label"": ""entailment"", ""confidence"": 0.7576}]",2
407,"Meanwhile, the rise of the Roman Empire in the west further established the western terminus of the interconnected trade system.",Silk Road,"[{""triple"": [""Roman Empire"", ""was established in"", ""west""], ""label"": ""entailment"", ""confidence"": 0.7259}, {""triple"": [""Roman Empire"", ""established the western terminus of"", ""interconnected trade system""], ""label"": ""entailment"", ""confidence"": 0.7259}]",2
408,"By the first century CE, Chinese silk was widely sought after in Rome, Egypt, and Greece.",Silk Road,[],0
409,"Other lucrative commodities from the East included tea, dyes, perfumes, and porcelain; among Western exports were horses, camels, honey, wine, and gold.",Silk Road,[],0
410,"Aside from generating substantial wealth for emerging mercantile classes, the proliferation of goods such as paper and gunpowder greatly affected the trajectory of political history in several theatres in Eurasia and beyond.",Silk Road,[],0
411,"The Silk Road was utilized over a period that saw immense political variation across the continent, exemplified by major events such as the Black Death and the Mongol conquests.",Silk Road,[],0
412,"The network was highly decentralized, and security was sparse: travelers faced constant threats of banditry and nomadic raiders, and long expanses of inhospitable terrain.",Silk Road,[],0
413,"Few individuals traveled the entire length of the Silk Road, instead relying on a succession of middlemen based at various stopping points along the way.",Silk Road,[],0
414,"In addition to goods, the network facilitated an unprecedented exchange of religious , philosophical, and scientific thought, much of which was syncretised by societies along the way.",Silk Road,[],0
415,"Likewise, a wide variety of people used the routes.",Silk Road,[],0
416,"Diseases such as plague also spread along the Silk Road, possibly contributing to the Black Death.",Silk Road,[],0
417,"From 1453 onwards, the Ottoman Empire began competing with other gunpowder empires for greater control over the overland routes, which prompted European polities to seek alternatives while themselves gaining leverage over their trade partners.",Silk Road,[],0
418,"This marked the beginning of the Age of Discovery, European colonialism, and the further intensification of globalization.",Silk Road,[],0
419,"In the 21st century, the name ""New Silk Road"" is used to describe several large infrastructure projects along many of the historic trade routes; among the best known include the Eurasian Land Bridge and the Chinese Belt and Road Initiative .",Silk Road,"[{""triple"": [""21st century"", ""is used to describe"", ""New Silk Road""], ""label"": ""entailment"", ""confidence"": 0.8287}, {""triple"": [""New Silk Road"", ""describes"", ""several large infrastructure projects""], ""label"": ""entailment"", ""confidence"": 0.7912}, {""triple"": [""New Silk Road"", ""is used to describe"", ""Eurasian Land Bridge""], ""label"": ""entailment"", ""confidence"": 0.8287}, {""triple"": [""New Silk Road"", ""is used to describe"", ""Chinese Belt and Road Initiative""], ""label"": ""entailment"", ""confidence"": 0.8287}]",4
420,"UNESCO designated the Chang'an-Tianshan corridor of the Silk Road as a World Heritage Site in 2014, and the Zarafshan-Karakum Corridor in 2023.",Silk Road,"[{""triple"": [""UNESCO"", ""designated"", ""Chang'an-Tianshan corridor of the Silk Road""], ""label"": ""entailment"", ""confidence"": 0.7836}, {""triple"": [""UNESCO"", ""designated"", ""the Zarafshan-Karakum Corridor""], ""label"": ""entailment"", ""confidence"": 0.7836}, {""triple"": [""Chang'an-Tianshan corridor of the Silk Road"", ""was designated as"", ""a World Heritage Site""], ""label"": ""entailment"", ""confidence"": 0.7836}, {""triple"": [""the Zarafshan-Karakum Corridor"", ""was designated as"", ""a World Heritage Site""], ""label"": ""entailment"", ""confidence"": 0.7836}, {""triple"": [""UNESCO"", ""designated"", ""a World Heritage Site""], ""label"": ""entailment"", ""confidence"": 0.7836}, {""triple"": [""the Chang'an-Tianshan corridor of the Silk Road"", ""was designated in"", ""2014""], ""label"": ""entailment"", ""confidence"": 0.7836}, {""triple"": [""the Zarafshan-Karakum Corridor"", ""was designated in"", ""2023""], ""label"": ""entailment"", ""confidence"": 0.7836}]",7
421,"The Fergana-Syrdarya Corridor, the Indian and Iranian portions, and the remaining sites in China remain on the tentative lists.",Silk Road,"[{""triple"": [""Fergana-Syrdarya Corridor"", ""are portions of"", ""Indian and Iranian portions""], ""label"": ""entailment"", ""confidence"": 0.7711}, {""triple"": [""Fergana-Syrdarya Corridor"", ""are portions of"", ""the remaining sites in China""], ""label"": ""entailment"", ""confidence"": 0.7711}]",2
422,"Despite the popular imagination, Silk Road was never a singular east-west trade route that linked China to the Mediterranean, nor was there unrestricted trade before the Mongol Empire.",Silk Road,[],0
423,It was a network of routes.,Silk Road,[],0
424,"Even Marco Polo, often linked to the Silk Road, never used the term despite traveling during a time of Mongol-enabled ease of movement.",Silk Road,[],0
425,"Name and contested significance
The Silk Road derives its name from the lucrative trade in silk, first developed in China, and a major reason for the connection of trade routes into an extensive transcontinental network.",Silk Road,[],0
426,"It derives from the German term Seidenstraße and was first popularized in 1877 by Ferdinand von Richthofen, who made seven expeditions to China from 1868 to 1872.",Silk Road,"[{""triple"": [""Seidenstra\u00dfe"", ""derives from"", ""It""], ""label"": ""entailment"", ""confidence"": 0.6585}, {""triple"": [""It"", ""was popularized by"", ""Ferdinand von Richthofen""], ""label"": ""entailment"", ""confidence"": 0.6585}, {""triple"": [""Ferdinand von Richthofen"", ""made expeditions to"", ""China""], ""label"": ""entailment"", ""confidence"": 0.6585}, {""triple"": [""Ferdinand von Richthofen"", ""made seven expeditions to"", ""China""], ""label"": ""entailment"", ""confidence"": 0.6585}, {""triple"": [""Ferdinand von Richthofen"", ""made expeditions from"", ""1868 to 1872""], ""label"": ""entailment"", ""confidence"": 0.6585}, {""triple"": [""Ferdinand von Richthofen"", ""made expeditions from"", ""1868""], ""label"": ""entailment"", ""confidence"": 0.6585}, {""triple"": [""Ferdinand von Richthofen"", ""made expeditions to"", ""1872""], ""label"": ""entailment"", ""confidence"": 0.6585}]",7
427,"However, the term itself had been in use in decades prior to that.",Silk Road,[],0
428,"The alternative translation ""Silk Route"" is also used occasionally.",Silk Road,[],0
429,"Although the term was coined in the 19th century, it did not gain widespread acceptance in academia or popularity among the public until the 20th century.",Silk Road,[],0
430,The first book entitled The Silk Road was by Swedish geographer,Silk Road,"[{""triple"": [""The first book"", ""entitled"", ""The Silk Road""], ""label"": ""entailment"", ""confidence"": 0.8026}, {""triple"": [""The first book"", ""was by"", ""Swedish geographer""], ""label"": ""entailment"", ""confidence"": 0.8026}]",2
431,The use of the term 'Silk Road' is not without its detractors.,Silk Road,[],0
432,"For instance, Warwick Ball contends that the maritime spice trade with India and Arabia was far more consequential for the economy of the Roman Empire than the silk trade with China, which at sea was conducted mostly through India and on land was handled by numerous intermediaries such as the Sogdians.",Silk Road,[],0
433,"Going as far as to call the whole thing a ""myth"" of modern academia, Ball argues that there was no coherent overland trade system and no free movement of goods from East Asia to the West until the period of the Mongol Empire.",Silk Road,[],0
434,"He notes that traditional authors discussing east–west trade such as Marco Polo and Edward Gibbon never labelled any route a ""silk"" one in particular.",Silk Road,[],0
435,"William Dalrymple points out that in pre-modern times, maritime travel cost only a fifth of overland transport, and argues for the pre-13th century primacy of an India-dominated ""Golden Road"" extending from Rome to Japan.",Silk Road,[],0
436,"The southern stretches of the Silk Road, from Khotan to Eastern China, were first used for jade and not silk, as long as 5000 BCE, and are still in use for this purpose.",Silk Road,[],0
437,"A black hole is an astronomical body so compact that its gravity prevents anything, including light, from escaping.",Black hole,[],0
438,"Albert Einstein's theory of general relativity, which describes gravitation as the curvature of spacetime, predicts that any sufficiently compact mass will form a black hole.",Black hole,"[{""triple"": [""Albert Einstein"", ""has theory"", ""general relativity""], ""label"": ""entailment"", ""confidence"": 0.7494}, {""triple"": [""general relativity"", ""describes"", ""gravitation""], ""label"": ""entailment"", ""confidence"": 0.7994}, {""triple"": [""general relativity"", ""predicts"", ""black hole""], ""label"": ""entailment"", ""confidence"": 0.7994}, {""triple"": [""black hole"", ""is formed by"", ""sufficiently compact mass""], ""label"": ""entailment"", ""confidence"": 0.7137}]",4
439,The boundary of no escape is called the event horizon.,Black hole,[],0
440,"In general relativity, crossing a black hole's event horizon traps an object inside but produces no locally detectable change.",Black hole,[],0
441,"General relativity also predicts that every black hole should have a central singularity, where the curvature of spacetime is infinite.",Black hole,[],0
442,Objects whose gravitational fields are too strong for light to escape were first considered in the 18th century.,Black hole,[],0
443,"In 1916, the first solution of general relativity that would characterise a black hole was found.",Black hole,"[{""triple"": [""general relativity"", ""was found"", ""black hole""], ""label"": ""entailment"", ""confidence"": 0.8156}]",1
444,"By the late 1950s, this solution began to be interpreted physically as a region of space from which nothing can escape.",Black hole,[],0
445,Black holes were long considered a mathematical curiosity; it was not until the 1960s that theoretical work showed they were a generic prediction of general relativity.,Black hole,[],0
446,"The first widely accepted black hole was Cygnus X-1, identified by several researchers independently in 1971.",Black hole,"[{""triple"": [""Cygnus X-1"", ""was identified by"", ""several researchers""], ""label"": ""entailment"", ""confidence"": 0.8166}, {""triple"": [""Cygnus X-1"", ""was identified in"", ""1971""], ""label"": ""entailment"", ""confidence"": 0.8166}, {""triple"": [""Cygnus X-1"", ""is the first widely accepted"", ""black hole""], ""label"": ""entailment"", ""confidence"": 0.8166}]",3
447,Black holes typically form when very massive stars collapse at the end of their life cycle.,Black hole,[],0
448,"After a black hole has formed, it can grow by absorbing mass from its surroundings.",Black hole,[],0
449,"Supermassive black holes of millions of solar masses may form by absorbing stars and merging with other black holes, or via direct collapse of gas clouds.",Black hole,[],0
450,There is consensus that supermassive black holes exist in the centres of most galaxies.,Black hole,[],0
451,"Quantum field theory in curved spacetime predicts that event horizons emit Hawking radiation, with its rate of emission being inversely proportional to its mass.",Black hole,"[{""triple"": [""Hawking radiation"", ""is inversely proportional to"", ""mass""], ""label"": ""entailment"", ""confidence"": 0.7925}, {""triple"": [""event horizons"", ""emit"", ""Hawking radiation""], ""label"": ""entailment"", ""confidence"": 0.7925}]",2
452,"This causes the black hole to lose mass very slowly, provided it is not accreting matter.",Black hole,[],0
453,"However, even the smallest class of black holes observed, stellar black holes, are gaining mass from the cosmic microwave background faster than they are losing mass via Hawking radiation.",Black hole,[],0
454,The presence of a black hole can be inferred through its interaction with matter and electromagnetic radiation such as visible light.,Black hole,[],0
455,"Matter falling toward a black hole can form an accretion disk of infalling plasma, heated by friction and emitting light.",Black hole,[],0
456,"In extreme cases, this creates a quasar, some of the brightest objects in the universe.",Black hole,[],0
457,Merging black holes can be detected by the gravitational waves they emit.,Black hole,"[{""triple"": [""black holes"", ""emit"", ""gravitational waves""], ""label"": ""entailment"", ""confidence"": 0.6946}]",1
458,"If stars are orbiting a black hole, their motions can be used to determine the black hole's mass and location.",Black hole,"[{""triple"": [""stars"", ""are orbiting"", ""a black hole""], ""label"": ""entailment"", ""confidence"": 0.7512}, {""triple"": [""stars"", ""can be used to determine"", ""the black hole's mass""], ""label"": ""entailment"", ""confidence"": 0.7512}, {""triple"": [""stars"", ""can be used to determine"", ""the black hole's location""], ""label"": ""entailment"", ""confidence"": 0.7512}]",3
459,"In this way, astronomers have identified numerous stellar black hole candidates in binary systems and established that the radio source known as Sagittarius A*, at the core of the Milky Way galaxy, contains a supermassive black hole of about 4.3 million solar masses.",Black hole,"[{""triple"": [""Sagittarius A*"", ""contains"", ""a supermassive black hole of about 4.3 million solar masses""], ""label"": ""entailment"", ""confidence"": 0.8023}, {""triple"": [""Sagittarius A*"", ""is located at the core of"", ""the Milky Way galaxy""], ""label"": ""entailment"", ""confidence"": 0.7523}]",2
460,"History
The idea of a body so massive that even light could not escape was first proposed in the late 18th century by English astronomer and clergyman John Michell and independently by French scientist Pierre-Simon Laplace.",Black hole,[],0
461,Both scholars proposed very large stars in contrast to the modern concept of an extremely dense object.,Black hole,[],0
462,"Michell's idea, in a short part of a letter published in 1784, calculated that a star with the same density but 500 times the radius of the sun would not let any emitted light escape; the surface escape velocity would exceed the speed of light.",Black hole,"[{""triple"": [""Michell's idea"", ""was published in"", ""a letter published in 1784""], ""label"": ""entailment"", ""confidence"": 0.681}, {""triple"": [""Michell's idea"", ""calculated that"", ""a star with the same density but 500 times the radius of the sun would not let any emitted light escape""], ""label"": ""entailment"", ""confidence"": 0.681}]",2
463,Michell correctly hypothesized that such non-radiating bodies might be detectable through their gravitational effects on nearby visible bodies.,Black hole,[],0
464,"In 1796, while speculating on the origin of the Solar System in his book Exposition du Système du Monde, Laplace made a qualitative suggestion that a star could be invisible if it were sufficiently large.",Black hole,[],0
465,"Franz Xaver von Zach asked Laplace for a mathematical analysis, which Laplace provided and published in von Zach's journal Allgemeine Geographische Ephemeriden.",Black hole,"[{""triple"": [""Franz Xaver von Zach"", ""asked"", ""Laplace""], ""label"": ""entailment"", ""confidence"": 0.7907}, {""triple"": [""Laplace"", ""provided"", ""a mathematical analysis""], ""label"": ""entailment"", ""confidence"": 0.7907}, {""triple"": [""Laplace"", ""published"", ""a mathematical analysis in Allgemeine Geographische Ephemeriden""], ""label"": ""entailment"", ""confidence"": 0.7907}, {""triple"": [""Laplace"", ""provided"", ""a mathematical analysis""], ""label"": ""entailment"", ""confidence"": 0.7907}, {""triple"": [""a mathematical analysis"", ""was provided by"", ""Laplace""], ""label"": ""entailment"", ""confidence"": 0.7307}, {""triple"": [""a mathematical analysis"", ""was published in"", ""Allgemeine Geographische Ephemeriden""], ""label"": ""entailment"", ""confidence"": 0.7907}, {""triple"": [""Laplace"", ""provided and published"", ""a mathematical analysis in Allgemeine Geographische Ephemeriden""], ""label"": ""entailment"", ""confidence"": 0.7907}, {""triple"": [""a mathematical analysis in Allgemeine Geographische Ephemeriden"", ""was provided and published by"", ""Laplace""], ""label"": ""entailment"", ""confidence"": 0.7574}]",8
466,"General relativity
In 1905, Albert Einstein showed that the laws of electromagnetism are identical for observers travelling at different velocities relative to each other.",Black hole,"[{""triple"": [""Albert Einstein"", ""showed"", ""laws of electromagnetism""], ""label"": ""entailment"", ""confidence"": 0.7877}]",1
467,The laws of mechanics had already been shown to be invariant in this way.,Black hole,[],0
468,"However, the theory of gravitation was yet to be included.",Black hole,[],0
469,"In 1907, Einstein published a paper proposing his equivalence principle, the hypothesis that inertial mass and gravitational mass have a common cause.",Black hole,"[{""triple"": [""Einstein"", ""published"", ""a paper""], ""label"": ""entailment"", ""confidence"": 0.9011}, {""triple"": [""Einstein"", ""proposed"", ""his equivalence principle""], ""label"": ""entailment"", ""confidence"": 0.8411}, {""triple"": [""his equivalence principle"", ""is"", ""the hypothesis that inertial mass and gravitational mass have a common cause""], ""label"": ""entailment"", ""confidence"": 0.9011}]",3
470,"Using the principle, Einstein predicted the redshift and the lensing effect of gravity on light; his prediction of gravitational lensing was one-half of the value that the full theory of general relativity would predict.",Black hole,[],0
471,"By 1915, Einstein refined these ideas into his general theory of relativity, which explained how matter affects spacetime, which in turn affects the motion of other matter.",Black hole,"[{""triple"": [""Einstein"", ""refined"", ""his general theory of relativity""], ""label"": ""entailment"", ""confidence"": 0.7978}, {""triple"": [""his general theory of relativity"", ""explained"", ""how matter affects spacetime""], ""label"": ""entailment"", ""confidence"": 0.7978}, {""triple"": [""how matter affects spacetime"", ""affects"", ""the motion of other matter""], ""label"": ""entailment"", ""confidence"": 0.7978}]",3
472,This formed the basis for black hole physics.,Black hole,[],0
473,"Singular solutions in general relativity
Only a few months after Einstein published the field equations describing general relativity, astrophysicist Karl Schwarzschild set out to apply the idea to stars.",Black hole,"[{""triple"": [""Karl Schwarzschild"", ""set out to apply the idea to"", ""stars""], ""label"": ""entailment"", ""confidence"": 0.6571}, {""triple"": [""Einstein"", ""published"", ""the field equations describing general relativity""], ""label"": ""entailment"", ""confidence"": 0.6571}]",2
474,He assumed spherical symmetry with no spin and found a solution to Einstein's equations.,Black hole,"[{""triple"": [""He"", ""assumed"", ""spherical symmetry with no spin""], ""label"": ""entailment"", ""confidence"": 0.6981}, {""triple"": [""He"", ""found"", ""a solution to Einstein's equations""], ""label"": ""entailment"", ""confidence"": 0.6981}]",2
475,"A few months after Schwarzschild, Johannes Droste, a student of Hendrik Lorentz, independently gave the same solution.",Black hole,"[{""triple"": [""Johannes Droste"", ""was a student of"", ""Hendrik Lorentz""], ""label"": ""entailment"", ""confidence"": 0.7361}]",1
476,"At a certain radius from the centre of the mass, the Schwarzschild solution became singular, meaning that some of the terms in the Einstein equations became infinite.",Black hole,[],0
477,"Black holes are among the most mysterious cosmic objects, much studied but not fully understood.",https://science.nasa.gov/universe/black-holes/,[],0
478,They’re huge concentrations of matter packed into very tiny spaces.,https://science.nasa.gov/universe/black-holes/,[],0
479,"A black hole is so dense that gravity just beneath its surface, the event horizon, is strong enough that nothing – not even light – can escape.",https://science.nasa.gov/universe/black-holes/,[],0
480,The event horizon isn’t a surface like Earth’s or even the Sun’s.,https://science.nasa.gov/universe/black-holes/,[],0
481,It’s a boundary that contains all the matter that makes up the black hole.,https://science.nasa.gov/universe/black-holes/,[],0
482,"There is much we don’t know about black holes, like what matter looks like inside their event horizons.",https://science.nasa.gov/universe/black-holes/,[],0
483,"However, there is a lot that scientists do know about black holes.",https://science.nasa.gov/universe/black-holes/,[],0
484,"Black holes don’t emit or reflect light, making them effectively invisible to telescopes.",https://science.nasa.gov/universe/black-holes/,[],0
485,"Scientists primarily detect and study them based on how they affect their surroundings:
The nearest known black hole, called Gaia BH1, is about 1,500 light-years away.",https://science.nasa.gov/universe/black-holes/,"[{""triple"": [""Gaia BH1"", ""is"", ""1,500 light-years away""], ""label"": ""entailment"", ""confidence"": 0.6886}, {""triple"": [""Gaia BH1"", ""is a"", ""black hole""], ""label"": ""entailment"", ""confidence"": 0.6886}]",2
486,"The most distant black hole detected, at the center of a galaxy called QSO J0313-1806, is around 13 billion light-years away.",https://science.nasa.gov/universe/black-holes/,[],0
487,"The most massive black hole observed, TON 618, tips the scales at 66 billion times the Sun’s mass.",https://science.nasa.gov/universe/black-holes/,"[{""triple"": [""TON 618"", ""tips the scales at"", ""66 billion times the Sun's mass""], ""label"": ""entailment"", ""confidence"": 0.6696}, {""triple"": [""TON 618"", ""is"", ""the most massive black hole observed""], ""label"": ""entailment"", ""confidence"": 0.6696}]",2
488,The lightest-known black hole is only 3.8 times the Sun’s mass.,https://science.nasa.gov/universe/black-holes/,[],0
489,It’s paired up with a star.,https://science.nasa.gov/universe/black-holes/,[],0
490,A real term that describes what happens when matter gets too close to a black hole.,https://science.nasa.gov/universe/black-holes/,[],0
491,"It’s squeezed horizontally and stretched vertically, resembling a noodle.",https://science.nasa.gov/universe/black-holes/,[],0
492,"The fastest-known – named GRS 1915+105 – clocks in at over 1,000 rotations per second.",https://science.nasa.gov/universe/black-holes/,"[{""triple"": [""GRS 1915+105"", ""clocks in at"", ""over 1,000 rotations per second""], ""label"": ""entailment"", ""confidence"": 0.7559}]",1
493,Monster black holes at the centers of galaxies can launch particles to near light speed.,https://science.nasa.gov/universe/black-holes/,[],0
494,"If you replaced the Sun with a black hole of the same mass, the solar system would get a lot colder, but the planets would stay in their orbits.",https://science.nasa.gov/universe/black-holes/,[],0
495,One type of black hole is born when massive stars run out of fuel and explode in supernovae.,https://science.nasa.gov/universe/black-holes/,"[{""triple"": [""black hole"", ""is a type of"", ""One type of black hole""], ""label"": ""entailment"", ""confidence"": 0.7197}, {""triple"": [""massive stars"", ""run out of fuel and explode in"", ""supernovae""], ""label"": ""entailment"", ""confidence"": 0.7197}]",2
496,Most Milky Way-sized galaxies have monster black holes at their centers.,https://science.nasa.gov/universe/black-holes/,[],0
497,"Our is called Sagittarius A* , and it’s 4 million times the Sun’s mass.",https://science.nasa.gov/universe/black-holes/,"[{""triple"": [""Our"", ""is called"", ""Sagittarius A*""], ""label"": ""entailment"", ""confidence"": 0.7159}, {""triple"": [""Our"", ""is"", ""4 million times the Sun's mass""], ""label"": ""entailment"", ""confidence"": 0.7159}]",2
498,"NASA Connects Little Red Dots with Chandra, Webb
Archival Data From NASA’s NEOWISE",https://science.nasa.gov/universe/black-holes/,[],0
499,"Tracks Star Turning Into Black Hole
NASA, Partners Advance LISA Prototype Hardware
NASA’s Webb Delivers Unprecedented Look Into Heart of Circinus Galaxy
NASA’s Chandra Finds Small Galaxies May Buck the Black Hole Trend
Universe
Galaxies
Stars
Exoplanets",https://science.nasa.gov/universe/black-holes/,[],0
