sentence_id,sentence,source,subject,relation,object,confidence
1,Albert Einstein was a German-born theoretical physicist best known for developing the theory of relativity.,Albert Einstein,Albert Einstein,is a type of,theoretical physicist,0.6636
1,Albert Einstein was a German-born theoretical physicist best known for developing the theory of relativity.,Albert Einstein,Albert Einstein,is known for,developing the theory of relativity,0.7236
3,"His mass–energy equivalence formula E = mc2, which arises from special relativity, has been called ""the world's most famous equation"".",Albert Einstein,His mass–energy equivalence formula E = mc2,has been called,the world's most famous equation,0.9291
4,"He received the 1921 Nobel Prize in Physics for ""his services to theoretical physics, and especially for his discovery of the law of the photoelectric effect"".",Albert Einstein,He,received,the 1921 Nobel Prize in Physics,0.8325
4,"He received the 1921 Nobel Prize in Physics for ""his services to theoretical physics, and especially for his discovery of the law of the photoelectric effect"".",Albert Einstein,He,was awarded for,his services to theoretical physics,0.7825
4,"He received the 1921 Nobel Prize in Physics for ""his services to theoretical physics, and especially for his discovery of the law of the photoelectric effect"".",Albert Einstein,He,was awarded for,his discovery of the law of the photoelectric effect,0.7897
6,"In 1897, at the age of seventeen, he enrolled in the mathematics and physics teaching diploma program at the Swiss federal polytechnic school in Zurich, graduating in 1900.",Albert Einstein,he,enrolled in,the mathematics and physics teaching diploma program at the Swiss federal polytechnic school in Zurich,0.6751
6,"In 1897, at the age of seventeen, he enrolled in the mathematics and physics teaching diploma program at the Swiss federal polytechnic school in Zurich, graduating in 1900.",Albert Einstein,he,graduating in,1900,0.6751
6,"In 1897, at the age of seventeen, he enrolled in the mathematics and physics teaching diploma program at the Swiss federal polytechnic school in Zurich, graduating in 1900.",Albert Einstein,he,enrolled in,the mathematics and physics teaching diploma program at the Swiss federal polytechnic school in Zurich,0.6751
6,"In 1897, at the age of seventeen, he enrolled in the mathematics and physics teaching diploma program at the Swiss federal polytechnic school in Zurich, graduating in 1900.",Albert Einstein,he,was at the age of,seventeen,0.6751
8,"In 1905, he submitted a successful PhD dissertation to the University of Zurich.",Albert Einstein,he,submitted,a successful PhD dissertation,0.8212
8,"In 1905, he submitted a successful PhD dissertation to the University of Zurich.",Albert Einstein,he,submitted,to the University of Zurich,0.8212
12,"On the eve of World War II, he endorsed a letter to President Franklin D. Roosevelt alerting him to the potential German nuclear weapons program and recommending that the US begin similar research, later carried out as the Manhattan Project.",Albert Einstein,he,endorsed a letter to,President Franklin D. Roosevelt,0.8046
12,"On the eve of World War II, he endorsed a letter to President Franklin D. Roosevelt alerting him to the potential German nuclear weapons program and recommending that the US begin similar research, later carried out as the Manhattan Project.",Albert Einstein,he,alerting him to,the potential German nuclear weapons program,0.8046
12,"On the eve of World War II, he endorsed a letter to President Franklin D. Roosevelt alerting him to the potential German nuclear weapons program and recommending that the US begin similar research, later carried out as the Manhattan Project.",Albert Einstein,he,recommended that the US begin,similar research,0.7546
12,"On the eve of World War II, he endorsed a letter to President Franklin D. Roosevelt alerting him to the potential German nuclear weapons program and recommending that the US begin similar research, later carried out as the Manhattan Project.",Albert Einstein,similar research,was carried out as,the Manhattan Project,0.8046
14,"In them, he outlined a theory of the photoelectric effect, explained Brownian motion, introduced his special theory of relativity, and demonstrated that if the special theory is correct, mass and energy are equivalent to each other.",Albert Einstein,he,outlined,a theory of the photoelectric effect,0.8578
14,"In them, he outlined a theory of the photoelectric effect, explained Brownian motion, introduced his special theory of relativity, and demonstrated that if the special theory is correct, mass and energy are equivalent to each other.",Albert Einstein,he,explained,Brownian motion,0.8578
14,"In them, he outlined a theory of the photoelectric effect, explained Brownian motion, introduced his special theory of relativity, and demonstrated that if the special theory is correct, mass and energy are equivalent to each other.",Albert Einstein,he,introduced,his special theory of relativity,0.8578
14,"In them, he outlined a theory of the photoelectric effect, explained Brownian motion, introduced his special theory of relativity, and demonstrated that if the special theory is correct, mass and energy are equivalent to each other.",Albert Einstein,he,demonstrated,"that if the special theory is correct, mass and energy are equivalent to each other",0.8578
15,"In 1915, he proposed a general theory of relativity that extended his system of mechanics to incorporate gravitation.",Albert Einstein,he,proposed,a general theory of relativity,0.7786
15,"In 1915, he proposed a general theory of relativity that extended his system of mechanics to incorporate gravitation.",Albert Einstein,he,extended,his system of mechanics,0.7786
15,"In 1915, he proposed a general theory of relativity that extended his system of mechanics to incorporate gravitation.",Albert Einstein,he,incorporated,gravitation,0.6786
16,A paper that he published the following year laid out the implications of general relativity for the modeling of the structure and evolution of the universe as a whole.,Albert Einstein,paper,was published by,he,0.8522
16,A paper that he published the following year laid out the implications of general relativity for the modeling of the structure and evolution of the universe as a whole.,Albert Einstein,paper,laid out,implications of general relativity,0.9272
16,A paper that he published the following year laid out the implications of general relativity for the modeling of the structure and evolution of the universe as a whole.,Albert Einstein,implications of general relativity,are for,modeling of the structure and evolution of the universe as a whole,0.9272
18,"In 1917, Einstein wrote a paper which introduced the concepts of spontaneous emission and stimulated emission, the latter of which is the core mechanism behind the laser and maser, and which contained a trove of information that would be beneficial to developments in physics later on, such as quantum electrodynamics and quantum optics.",Albert Einstein,Einstein,wrote,a paper,0.746
18,"In 1917, Einstein wrote a paper which introduced the concepts of spontaneous emission and stimulated emission, the latter of which is the core mechanism behind the laser and maser, and which contained a trove of information that would be beneficial to developments in physics later on, such as quantum electrodynamics and quantum optics.",Albert Einstein,Einstein,introduced,the concepts of spontaneous emission and stimulated emission,0.746
18,"In 1917, Einstein wrote a paper which introduced the concepts of spontaneous emission and stimulated emission, the latter of which is the core mechanism behind the laser and maser, and which contained a trove of information that would be beneficial to developments in physics later on, such as quantum electrodynamics and quantum optics.",Albert Einstein,the concepts of spontaneous emission and stimulated emission,is,the core mechanism behind the laser and maser,0.746
18,"In 1917, Einstein wrote a paper which introduced the concepts of spontaneous emission and stimulated emission, the latter of which is the core mechanism behind the laser and maser, and which contained a trove of information that would be beneficial to developments in physics later on, such as quantum electrodynamics and quantum optics.",Albert Einstein,the paper,contained,a trove of information that would be beneficial to developments in physics later on,0.746
18,"In 1917, Einstein wrote a paper which introduced the concepts of spontaneous emission and stimulated emission, the latter of which is the core mechanism behind the laser and maser, and which contained a trove of information that would be beneficial to developments in physics later on, such as quantum electrodynamics and quantum optics.",Albert Einstein,a trove of information that would be beneficial to developments in physics later on,would be beneficial to,developments in physics later on,0.746
18,"In 1917, Einstein wrote a paper which introduced the concepts of spontaneous emission and stimulated emission, the latter of which is the core mechanism behind the laser and maser, and which contained a trove of information that would be beneficial to developments in physics later on, such as quantum electrodynamics and quantum optics.",Albert Einstein,a trove of information that would be beneficial to developments in physics later on,is related to,quantum electrodynamics and quantum optics,0.7187
19,"In the middle part of his career, Einstein made important contributions to statistical mechanics and quantum theory.",Albert Einstein,Einstein,made contributions to,statistical mechanics,0.7586
19,"In the middle part of his career, Einstein made important contributions to statistical mechanics and quantum theory.",Albert Einstein,Einstein,made contributions to,quantum theory,0.7586
20,"Especially notable was his work on the quantum physics of radiation, in which light consists of particles, subsequently called photons.",Albert Einstein,his work,was notable for,the quantum physics of radiation,0.7873
20,"Especially notable was his work on the quantum physics of radiation, in which light consists of particles, subsequently called photons.",Albert Einstein,light,consists of,particles,0.7873
20,"Especially notable was his work on the quantum physics of radiation, in which light consists of particles, subsequently called photons.",Albert Einstein,particles,were subsequently called,photons,0.7873
21,"With physicist Satyendra Nath Bose, he laid the groundwork for Bose–Einstein statistics.",Albert Einstein,he,laid the groundwork for,Bose–Einstein statistics,0.8627
21,"With physicist Satyendra Nath Bose, he laid the groundwork for Bose–Einstein statistics.",Albert Einstein,he,laid the groundwork for,physicist Satyendra Nath Bose,0.8627
26,"Many things are named after him, including the element Einsteinium.",Albert Einstein,Einsteinium,is named after,him,0.912
27,"In 1999, he was named Time's Person of the Century.",Albert Einstein,he,was named,Time's Person of the Century,0.706
30,"In 1880, the family moved to Munich's borough of Ludwigsvorstadt-Isarvorstadt, where Einstein's father and his uncle Jakob founded Elektrotechnische Fabrik J. Einstein & Cie, a company that manufactured electrical equipment based on direct current.",Albert Einstein,Einstein's father,founded,Elektrotechnische Fabrik J. Einstein & Cie,0.668
30,"In 1880, the family moved to Munich's borough of Ludwigsvorstadt-Isarvorstadt, where Einstein's father and his uncle Jakob founded Elektrotechnische Fabrik J. Einstein & Cie, a company that manufactured electrical equipment based on direct current.",Albert Einstein,Einstein's father,and his uncle Jakob,founded,0.668
30,"In 1880, the family moved to Munich's borough of Ludwigsvorstadt-Isarvorstadt, where Einstein's father and his uncle Jakob founded Elektrotechnische Fabrik J. Einstein & Cie, a company that manufactured electrical equipment based on direct current.",Albert Einstein,Einstein's father and his uncle Jakob,founded,Elektrotechnische Fabrik J. Einstein & Cie,0.668
30,"In 1880, the family moved to Munich's borough of Ludwigsvorstadt-Isarvorstadt, where Einstein's father and his uncle Jakob founded Elektrotechnische Fabrik J. Einstein & Cie, a company that manufactured electrical equipment based on direct current.",Albert Einstein,Einstein's father and his uncle Jakob,founded,a company,0.668
30,"In 1880, the family moved to Munich's borough of Ludwigsvorstadt-Isarvorstadt, where Einstein's father and his uncle Jakob founded Elektrotechnische Fabrik J. Einstein & Cie, a company that manufactured electrical equipment based on direct current.",Albert Einstein,Einstein's father and his uncle Jakob,manufactured,electrical equipment,0.668
30,"In 1880, the family moved to Munich's borough of Ludwigsvorstadt-Isarvorstadt, where Einstein's father and his uncle Jakob founded Elektrotechnische Fabrik J. Einstein & Cie, a company that manufactured electrical equipment based on direct current.",Albert Einstein,Einstein's father and his uncle Jakob,manufactured,based on direct current,0.668
30,"In 1880, the family moved to Munich's borough of Ludwigsvorstadt-Isarvorstadt, where Einstein's father and his uncle Jakob founded Elektrotechnische Fabrik J. Einstein & Cie, a company that manufactured electrical equipment based on direct current.",Albert Einstein,Einstein's father and his uncle Jakob,manufactured,electrical equipment based on direct current,0.668
30,"In 1880, the family moved to Munich's borough of Ludwigsvorstadt-Isarvorstadt, where Einstein's father and his uncle Jakob founded Elektrotechnische Fabrik J. Einstein & Cie, a company that manufactured electrical equipment based on direct current.",Albert Einstein,Einstein's father and his uncle Jakob,founded,a company that manufactured electrical equipment based on direct current,0.668
30,"In 1880, the family moved to Munich's borough of Ludwigsvorstadt-Isarvorstadt, where Einstein's father and his uncle Jakob founded Elektrotechnische Fabrik J. Einstein & Cie, a company that manufactured electrical equipment based on direct current.",Albert Einstein,Einstein's father and his uncle Jakob,founded Elektrotechnische Fabrik J. Einstein & Cie,a company that manufactured electrical equipment based on direct current,0.668
30,"In 1880, the family moved to Munich's borough of Ludwigsvorstadt-Isarvorstadt, where Einstein's father and his uncle Jakob founded Elektrotechnische Fabrik J. Einstein & Cie, a company that manufactured electrical equipment based on direct current.",Albert Einstein,Einstein's father and his uncle Jakob,founded Elektrotechnische Fabrik J. Einstein & Cie,in Munich's borough of Ludwigsvorstadt-Isarvorstadt,0.668
30,"In 1880, the family moved to Munich's borough of Ludwigsvorstadt-Isarvorstadt, where Einstein's father and his uncle Jakob founded Elektrotechnische Fabrik J. Einstein & Cie, a company that manufactured electrical equipment based on direct current.",Albert Einstein,Einstein's father and his uncle Jakob,founded Elektrotechnische Fabrik J. Einstein & Cie,in 1880,0.668
32,"When he was five and sick in bed, his father brought him a compass.",Albert Einstein,he,was,five,0.7499
32,"When he was five and sick in bed, his father brought him a compass.",Albert Einstein,he,was,sick in bed,0.7499
32,"When he was five and sick in bed, his father brought him a compass.",Albert Einstein,his father,brought,him,0.7499
32,"When he was five and sick in bed, his father brought him a compass.",Albert Einstein,his father,brought,a compass,0.7499
36,"When he was eight, he was transferred to the Luitpold Gymnasium, where he received advanced primary and then secondary school education.",Albert Einstein,he,was transferred to,the Luitpold Gymnasium,0.6677
36,"When he was eight, he was transferred to the Luitpold Gymnasium, where he received advanced primary and then secondary school education.",Albert Einstein,he,received,advanced primary and then secondary school education,0.6677
45,In 1905 he obtained his doctor’s degree.,https://www.nobelprize.org/prizes/physics/1921/einstein/biographical/,he,obtained,his doctor’s degree,0.9184
55,"At the start of his scientific work, Einstein realized the inadequacies of Newtonian mechanics and his special theory of relativity stemmed from an attempt to reconcile the laws of mechanics with the laws of the electromagnetic field.",https://www.nobelprize.org/prizes/physics/1921/einstein/biographical/,Einstein,realized,the inadequacies of Newtonian mechanics,0.679
55,"At the start of his scientific work, Einstein realized the inadequacies of Newtonian mechanics and his special theory of relativity stemmed from an attempt to reconcile the laws of mechanics with the laws of the electromagnetic field.",https://www.nobelprize.org/prizes/physics/1921/einstein/biographical/,Einstein's special theory of relativity,stemmed from,an attempt to reconcile the laws of mechanics with the laws of the electromagnetic field,0.6576
56,He dealt with classical problems of statistical mechanics and problems in which they were merged with quantum theory: this led to an explanation of the Brownian movement of molecules.,https://www.nobelprize.org/prizes/physics/1921/einstein/biographical/,He,dealt with,classical problems of statistical mechanics,0.717
56,He dealt with classical problems of statistical mechanics and problems in which they were merged with quantum theory: this led to an explanation of the Brownian movement of molecules.,https://www.nobelprize.org/prizes/physics/1921/einstein/biographical/,He,dealt with,problems in which they were merged with quantum theory,0.717
56,He dealt with classical problems of statistical mechanics and problems in which they were merged with quantum theory: this led to an explanation of the Brownian movement of molecules.,https://www.nobelprize.org/prizes/physics/1921/einstein/biographical/,He,led to,an explanation of the Brownian movement of molecules,0.717
57,He investigated the thermal properties of light with a low radiation density and his observations laid the foundation of the photon theory of light.,https://www.nobelprize.org/prizes/physics/1921/einstein/biographical/,He,investigated,the thermal properties of light,0.74
57,He investigated the thermal properties of light with a low radiation density and his observations laid the foundation of the photon theory of light.,https://www.nobelprize.org/prizes/physics/1921/einstein/biographical/,He,laid the foundation of,the photon theory of light,0.74
57,He investigated the thermal properties of light with a low radiation density and his observations laid the foundation of the photon theory of light.,https://www.nobelprize.org/prizes/physics/1921/einstein/biographical/,He,made observations,the thermal properties of light,0.69
58,"In his early days in Berlin, Einstein postulated that the correct interpretation of the special theory of relativity must also furnish a theory of gravitation and in 1916 he published his paper on the general theory of relativity.",https://www.nobelprize.org/prizes/physics/1921/einstein/biographical/,Einstein,was in,Berlin,0.7606
58,"In his early days in Berlin, Einstein postulated that the correct interpretation of the special theory of relativity must also furnish a theory of gravitation and in 1916 he published his paper on the general theory of relativity.",https://www.nobelprize.org/prizes/physics/1921/einstein/biographical/,Einstein,postulated,the correct interpretation of the special theory of relativity,0.7606
58,"In his early days in Berlin, Einstein postulated that the correct interpretation of the special theory of relativity must also furnish a theory of gravitation and in 1916 he published his paper on the general theory of relativity.",https://www.nobelprize.org/prizes/physics/1921/einstein/biographical/,Einstein,must furnish,a theory of gravitation,0.7606
58,"In his early days in Berlin, Einstein postulated that the correct interpretation of the special theory of relativity must also furnish a theory of gravitation and in 1916 he published his paper on the general theory of relativity.",https://www.nobelprize.org/prizes/physics/1921/einstein/biographical/,Einstein,published,his paper on the general theory of relativity,0.7606
58,"In his early days in Berlin, Einstein postulated that the correct interpretation of the special theory of relativity must also furnish a theory of gravitation and in 1916 he published his paper on the general theory of relativity.",https://www.nobelprize.org/prizes/physics/1921/einstein/biographical/,Einstein,published,his paper in 1916,0.7606
58,"In his early days in Berlin, Einstein postulated that the correct interpretation of the special theory of relativity must also furnish a theory of gravitation and in 1916 he published his paper on the general theory of relativity.",https://www.nobelprize.org/prizes/physics/1921/einstein/biographical/,Einstein,published,his paper,0.7606
61,He contributed to statistical mechanics by his development of the quantum theory of a monatomic gas and he has also accomplished valuable work in connection with atomic transition probabilities and relativistic cosmology.,https://www.nobelprize.org/prizes/physics/1921/einstein/biographical/,He,contributed to,statistical mechanics,0.7909
61,He contributed to statistical mechanics by his development of the quantum theory of a monatomic gas and he has also accomplished valuable work in connection with atomic transition probabilities and relativistic cosmology.,https://www.nobelprize.org/prizes/physics/1921/einstein/biographical/,He,developed,the quantum theory of a monatomic gas,0.7409
61,He contributed to statistical mechanics by his development of the quantum theory of a monatomic gas and he has also accomplished valuable work in connection with atomic transition probabilities and relativistic cosmology.,https://www.nobelprize.org/prizes/physics/1921/einstein/biographical/,He,accomplished valuable work in connection with,atomic transition probabilities,0.7909
61,He contributed to statistical mechanics by his development of the quantum theory of a monatomic gas and he has also accomplished valuable work in connection with atomic transition probabilities and relativistic cosmology.,https://www.nobelprize.org/prizes/physics/1921/einstein/biographical/,He,accomplished valuable work in connection with,relativistic cosmology,0.7909
63,"Einstein’s researches are, of course, well chronicled and his more important works include Special Theory of Relativity , Relativity , General Theory of Relativity , Investigations on Theory of Brownian Movement , and The Evolution of Physics .",https://www.nobelprize.org/prizes/physics/1921/einstein/biographical/,Einstein's researches,include,Special Theory of Relativity,0.814
63,"Einstein’s researches are, of course, well chronicled and his more important works include Special Theory of Relativity , Relativity , General Theory of Relativity , Investigations on Theory of Brownian Movement , and The Evolution of Physics .",https://www.nobelprize.org/prizes/physics/1921/einstein/biographical/,Einstein's researches,include,Relativity,0.814
63,"Einstein’s researches are, of course, well chronicled and his more important works include Special Theory of Relativity , Relativity , General Theory of Relativity , Investigations on Theory of Brownian Movement , and The Evolution of Physics .",https://www.nobelprize.org/prizes/physics/1921/einstein/biographical/,Einstein's researches,include,General Theory of Relativity,0.814
63,"Einstein’s researches are, of course, well chronicled and his more important works include Special Theory of Relativity , Relativity , General Theory of Relativity , Investigations on Theory of Brownian Movement , and The Evolution of Physics .",https://www.nobelprize.org/prizes/physics/1921/einstein/biographical/,Einstein's researches,include,Investigations on Theory of Brownian Movement,0.814
63,"Einstein’s researches are, of course, well chronicled and his more important works include Special Theory of Relativity , Relativity , General Theory of Relativity , Investigations on Theory of Brownian Movement , and The Evolution of Physics .",https://www.nobelprize.org/prizes/physics/1921/einstein/biographical/,Einstein's researches,include,The Evolution of Physics,0.814
64,"Among his non-scientific works, About Zionism , Why War? , My Philosophy , and Out of My Later Years are perhaps the most important.",https://www.nobelprize.org/prizes/physics/1921/einstein/biographical/,"About Zionism, Why War?, My Philosophy, and Out of My Later Years",are,perhaps the most important non-scientific works of,0.6702
64,"Among his non-scientific works, About Zionism , Why War? , My Philosophy , and Out of My Later Years are perhaps the most important.",https://www.nobelprize.org/prizes/physics/1921/einstein/biographical/,"About Zionism, Why War?, My Philosophy, and Out of My Later Years",are,perhaps the most important,0.6702
64,"Among his non-scientific works, About Zionism , Why War? , My Philosophy , and Out of My Later Years are perhaps the most important.",https://www.nobelprize.org/prizes/physics/1921/einstein/biographical/,"About Zionism, Why War?, My Philosophy, and Out of My Later Years",are,his,0.6702
65,"Albert Einstein received honorary doctorate degrees in science, medicine and philosophy from many European and American universities.",https://www.nobelprize.org/prizes/physics/1921/einstein/biographical/,Albert Einstein,received honorary doctorate degrees in,science,0.8307
65,"Albert Einstein received honorary doctorate degrees in science, medicine and philosophy from many European and American universities.",https://www.nobelprize.org/prizes/physics/1921/einstein/biographical/,Albert Einstein,received honorary doctorate degrees in,medicine,0.8307
65,"Albert Einstein received honorary doctorate degrees in science, medicine and philosophy from many European and American universities.",https://www.nobelprize.org/prizes/physics/1921/einstein/biographical/,Albert Einstein,received honorary doctorate degrees in,philosophy,0.8307
65,"Albert Einstein received honorary doctorate degrees in science, medicine and philosophy from many European and American universities.",https://www.nobelprize.org/prizes/physics/1921/einstein/biographical/,Albert Einstein,received honorary doctorate degrees from,many European and American universities,0.8307
66,"During the 1920’s he lectured in Europe, America and the Far East, and he was awarded Fellowships or Memberships of all the leading scientific academies throughout the world.",https://www.nobelprize.org/prizes/physics/1921/einstein/biographical/,he,lectured in,Europe,0.7309
66,"During the 1920’s he lectured in Europe, America and the Far East, and he was awarded Fellowships or Memberships of all the leading scientific academies throughout the world.",https://www.nobelprize.org/prizes/physics/1921/einstein/biographical/,he,lectured in,America,0.7309
66,"During the 1920’s he lectured in Europe, America and the Far East, and he was awarded Fellowships or Memberships of all the leading scientific academies throughout the world.",https://www.nobelprize.org/prizes/physics/1921/einstein/biographical/,he,lectured in,the Far East,0.7309
66,"During the 1920’s he lectured in Europe, America and the Far East, and he was awarded Fellowships or Memberships of all the leading scientific academies throughout the world.",https://www.nobelprize.org/prizes/physics/1921/einstein/biographical/,he,was awarded Fellowships or Memberships of,all the leading scientific academies throughout the world,0.7309
67,"He gained numerous awards in recognition of his work, including the Copley Medal of the Royal Society of London in 1925, and the Franklin Medal of the Franklin Institute in 1935.",https://www.nobelprize.org/prizes/physics/1921/einstein/biographical/,He,gained,numerous awards,0.7024
67,"He gained numerous awards in recognition of his work, including the Copley Medal of the Royal Society of London in 1925, and the Franklin Medal of the Franklin Institute in 1935.",https://www.nobelprize.org/prizes/physics/1921/einstein/biographical/,He,gained,the Copley Medal,0.7024
67,"He gained numerous awards in recognition of his work, including the Copley Medal of the Royal Society of London in 1925, and the Franklin Medal of the Franklin Institute in 1935.",https://www.nobelprize.org/prizes/physics/1921/einstein/biographical/,He,received,the Copley Medal of the Royal Society of London in 1925,0.6649
67,"He gained numerous awards in recognition of his work, including the Copley Medal of the Royal Society of London in 1925, and the Franklin Medal of the Franklin Institute in 1935.",https://www.nobelprize.org/prizes/physics/1921/einstein/biographical/,He,received,the Copley Medal of the Royal Society of London,0.6595
67,"He gained numerous awards in recognition of his work, including the Copley Medal of the Royal Society of London in 1925, and the Franklin Medal of the Franklin Institute in 1935.",https://www.nobelprize.org/prizes/physics/1921/einstein/biographical/,He,received,the Copley Medal of the Royal Society of London in 1925 in recognition of his work,0.6751
67,"He gained numerous awards in recognition of his work, including the Copley Medal of the Royal Society of London in 1925, and the Franklin Medal of the Franklin Institute in 1935.",https://www.nobelprize.org/prizes/physics/1921/einstein/biographical/,He,gained,the Franklin Medal,0.7024
67,"He gained numerous awards in recognition of his work, including the Copley Medal of the Royal Society of London in 1925, and the Franklin Medal of the Franklin Institute in 1935.",https://www.nobelprize.org/prizes/physics/1921/einstein/biographical/,He,received,the Franklin Medal of the Franklin Institute in 1935,0.6524
67,"He gained numerous awards in recognition of his work, including the Copley Medal of the Royal Society of London in 1925, and the Franklin Medal of the Franklin Institute in 1935.",https://www.nobelprize.org/prizes/physics/1921/einstein/biographical/,He,received,the Franklin Medal of the Franklin Institute in 1935 in recognition of his work,0.6691
71,"This autobiography/biography was written 
 at the time of the award and first
 published in the book series Les Prix Nobel .",https://www.nobelprize.org/prizes/physics/1921/einstein/biographical/,autobiography/biography,was written,at the time of the award,0.6609
71,"This autobiography/biography was written 
 at the time of the award and first
 published in the book series Les Prix Nobel .",https://www.nobelprize.org/prizes/physics/1921/einstein/biographical/,autobiography/biography,was published in,book series Les Prix Nobel,0.6609
74,"Albert Einstein was formally associated with the Institute for Advanced Study located in Princeton, New Jersey.",https://www.nobelprize.org/prizes/physics/1921/einstein/biographical/,Albert Einstein,was formally associated with,the Institute for Advanced Study,0.8389
74,"Albert Einstein was formally associated with the Institute for Advanced Study located in Princeton, New Jersey.",https://www.nobelprize.org/prizes/physics/1921/einstein/biographical/,the Institute for Advanced Study,is located in,"Princeton, New Jersey",0.8389
77,"Jalāl al-Dīn Muḥammad Rūmī, commonly known as Rumi , was a Sufi mystic, poet, and founder of the Islamic brotherhood known as the Mevlevi Order.",Rumi,Jalāl al-Dīn Muḥammad Rūmī,was,"a Sufi mystic, poet, and founder of the Islamic brotherhood known as the Mevlevi Order",0.7274
77,"Jalāl al-Dīn Muḥammad Rūmī, commonly known as Rumi , was a Sufi mystic, poet, and founder of the Islamic brotherhood known as the Mevlevi Order.",Rumi,Jalāl al-Dīn Muḥammad Rūmī,was known as,Rumi,0.7274
77,"Jalāl al-Dīn Muḥammad Rūmī, commonly known as Rumi , was a Sufi mystic, poet, and founder of the Islamic brotherhood known as the Mevlevi Order.",Rumi,Jalāl al-Dīn Muḥammad Rūmī,was the founder of,the Mevlevi Order,0.7274
78,"Rumi is an influential figure in Sufism, and his thought and works loom large both in Persian literature and mystic poetry in general.",Rumi,Rumi,is an influential figure in,Sufism,0.7553
78,"Rumi is an influential figure in Sufism, and his thought and works loom large both in Persian literature and mystic poetry in general.",Rumi,Rumi,loom large in,Persian literature,0.7553
78,"Rumi is an influential figure in Sufism, and his thought and works loom large both in Persian literature and mystic poetry in general.",Rumi,Rumi,loom large in,mystic poetry,0.7553
82,"Until recently, Konya had been a province of the Eastern Roman Empire, hence his name, Rumi, i.e. ""the Roman"".",Rumi,Konya,had been a province of,the Eastern Roman Empire,0.6729
82,"Until recently, Konya had been a province of the Eastern Roman Empire, hence his name, Rumi, i.e. ""the Roman"".",Rumi,Konya,hence his name,Rumi,0.6729
88,"His Masnavi, often called a ""Qur'an in Persian"", is considered one of the greatest poems of the Persian language.",Rumi,His Masnavi,is considered one of the greatest poems of,the Persian language,0.7001
88,"His Masnavi, often called a ""Qur'an in Persian"", is considered one of the greatest poems of the Persian language.",Rumi,His Masnavi,is often called a,Qur'an in Persian,0.7001
89,"Many Muslims, particularly in the Turko-Persian cultural sphere, regard the Masnavi as one of the most important works of Islamic literature, falling behind only the Quran.",Rumi,Masnavi,is considered one of the most important works of,Islamic literature,0.7378
89,"Many Muslims, particularly in the Turko-Persian cultural sphere, regard the Masnavi as one of the most important works of Islamic literature, falling behind only the Quran.",Rumi,Masnavi,falls behind,Quran,0.7003
90,"Rumi's works are widely read today across his native Greater Iran as well as in Turkey, where the Sufi brotherhood he founded is based.",Rumi,Rumi,is based in,Turkey,0.7113
90,"Rumi's works are widely read today across his native Greater Iran as well as in Turkey, where the Sufi brotherhood he founded is based.",Rumi,Rumi,founded,the Sufi brotherhood,0.7113
90,"Rumi's works are widely read today across his native Greater Iran as well as in Turkey, where the Sufi brotherhood he founded is based.",Rumi,Rumi's works,are widely read today,across his native Greater Iran,0.7113
90,"Rumi's works are widely read today across his native Greater Iran as well as in Turkey, where the Sufi brotherhood he founded is based.",Rumi,Rumi's works,are widely read today,in Turkey,0.7113
91,"His poems have been translated into many of the world's languages, and Rumi has been described as the ""world's most popular poet.""",Rumi,Rumi,has been described as,the world's most popular poet,0.6862
91,"His poems have been translated into many of the world's languages, and Rumi has been described as the ""world's most popular poet.""",Rumi,His poems,have been translated into,many of the world's languages,0.6862
92,"In the United States, he has become the best selling poet in recent years.",Rumi,he,has become,the best selling poet,0.7018
92,"In the United States, he has become the best selling poet in recent years.",Rumi,he,is in,the United States,0.7018
96,"Balkhī and Rūmī are his nisbas, meaning, respectively, ""from Balkh"" and ""from Rûm"", as he was from the Sultanate of Rûm in Anatolia.",Rumi,he,was from,the Sultanate of Rûm in Anatolia,0.6661
97,"According to the authoritative Rumi biographer Franklin Lewis of the University of Chicago, ""he Anatolian peninsula which had belonged to the Byzantine, or eastern Roman empire, had only relatively recently been conquered by Muslims and even when it came to be controlled by Turkish Muslim rulers, it was still known to Arabs, Persians and Turks as the geographical area of Rum.",Rumi,Anatolian peninsula,had belonged to,"Byzantine, or eastern Roman empire",0.7214
97,"According to the authoritative Rumi biographer Franklin Lewis of the University of Chicago, ""he Anatolian peninsula which had belonged to the Byzantine, or eastern Roman empire, had only relatively recently been conquered by Muslims and even when it came to be controlled by Turkish Muslim rulers, it was still known to Arabs, Persians and Turks as the geographical area of Rum.",Rumi,Anatolian peninsula,had been conquered by,Muslims,0.7214
97,"According to the authoritative Rumi biographer Franklin Lewis of the University of Chicago, ""he Anatolian peninsula which had belonged to the Byzantine, or eastern Roman empire, had only relatively recently been conquered by Muslims and even when it came to be controlled by Turkish Muslim rulers, it was still known to Arabs, Persians and Turks as the geographical area of Rum.",Rumi,Anatolian peninsula,was known to,"Arabs, Persians and Turks",0.7214
97,"According to the authoritative Rumi biographer Franklin Lewis of the University of Chicago, ""he Anatolian peninsula which had belonged to the Byzantine, or eastern Roman empire, had only relatively recently been conquered by Muslims and even when it came to be controlled by Turkish Muslim rulers, it was still known to Arabs, Persians and Turks as the geographical area of Rum.",Rumi,Anatolian peninsula,was known as,geographical area of Rum,0.7214
98,"As such, there are a number of historical personages born in or associated with Anatolia known as Rumi, a word borrowed from Persian literally meaning 'Roman,' in which context Roman refers to subjects of the Byzantine Empire or simply to people living in or things associated with Anatolia.""",Rumi,Anatolia,is associated with,Rumi,0.7566
98,"As such, there are a number of historical personages born in or associated with Anatolia known as Rumi, a word borrowed from Persian literally meaning 'Roman,' in which context Roman refers to subjects of the Byzantine Empire or simply to people living in or things associated with Anatolia.""",Rumi,Rumi,is a type of,historical personages,0.6816
98,"As such, there are a number of historical personages born in or associated with Anatolia known as Rumi, a word borrowed from Persian literally meaning 'Roman,' in which context Roman refers to subjects of the Byzantine Empire or simply to people living in or things associated with Anatolia.""",Rumi,Rumi,is a type of,word,0.6566
98,"As such, there are a number of historical personages born in or associated with Anatolia known as Rumi, a word borrowed from Persian literally meaning 'Roman,' in which context Roman refers to subjects of the Byzantine Empire or simply to people living in or things associated with Anatolia.""",Rumi,Rumi,is borrowed from,Persian,0.7566
98,"As such, there are a number of historical personages born in or associated with Anatolia known as Rumi, a word borrowed from Persian literally meaning 'Roman,' in which context Roman refers to subjects of the Byzantine Empire or simply to people living in or things associated with Anatolia.""",Rumi,Rumi,literally means,"'Roman,'",0.6816
98,"As such, there are a number of historical personages born in or associated with Anatolia known as Rumi, a word borrowed from Persian literally meaning 'Roman,' in which context Roman refers to subjects of the Byzantine Empire or simply to people living in or things associated with Anatolia.""",Rumi,Roman,refers to,subjects of the Byzantine Empire,0.7566
98,"As such, there are a number of historical personages born in or associated with Anatolia known as Rumi, a word borrowed from Persian literally meaning 'Roman,' in which context Roman refers to subjects of the Byzantine Empire or simply to people living in or things associated with Anatolia.""",Rumi,Roman,refers to,people living in or things associated with Anatolia,0.7566
99,Rumi is widely known by the sobriquet Mawlānā/Molānā in Iran and popularly known as Mevlânâ in Turkey.,Rumi,Rumi,is widely known by the sobriquet,Mawlānā/Molānā,0.7227
99,Rumi is widely known by the sobriquet Mawlānā/Molānā in Iran and popularly known as Mevlânâ in Turkey.,Rumi,Rumi,is widely known by the sobriquet,Mawlānā/Molānā in Iran,0.7227
99,Rumi is widely known by the sobriquet Mawlānā/Molānā in Iran and popularly known as Mevlânâ in Turkey.,Rumi,Rumi,is popularly known as,Mevlânâ,0.7227
99,Rumi is widely known by the sobriquet Mawlānā/Molānā in Iran and popularly known as Mevlânâ in Turkey.,Rumi,Rumi,is popularly known as,Mevlânâ in Turkey,0.7227
101,"The term مولوی Mawlawī/Mowlavi and Mevlevi , also of Arabic origin, meaning ""my master"", is also frequently used for him.",Rumi,مولوی Mawlawī/Mowlavi,is also frequently used for,him,0.723
103,"The area, culturally adjacent to Balkh, is where Mawlânâ's father, Bahâ' uddîn Walad, was a preacher and jurist.",Rumi,Bahâ' uddîn Walad,was a,preacher and jurist,0.6871
103,"The area, culturally adjacent to Balkh, is where Mawlânâ's father, Bahâ' uddîn Walad, was a preacher and jurist.",Rumi,Bahâ' uddîn Walad,was a,jurist,0.6871
105,Greater Balkh was at that time a major centre of Persian culture and Sufism had developed there for several centuries.,Rumi,Greater Balkh,was a major centre of,Persian culture,0.7191
105,Greater Balkh was at that time a major centre of Persian culture and Sufism had developed there for several centuries.,Rumi,Greater Balkh,had developed,Sufism,0.7191
107,"Rumi expresses his appreciation: ""Attar was the spirit, Sanai his eyes twain, And in time thereafter, Came we in their train"" and mentions in another poem: ""Attar has traversed the seven cities of Love, We are still at the turn of one street"".",Rumi,Rumi,expresses his appreciation,Attar,0.8904
107,"Rumi expresses his appreciation: ""Attar was the spirit, Sanai his eyes twain, And in time thereafter, Came we in their train"" and mentions in another poem: ""Attar has traversed the seven cities of Love, We are still at the turn of one street"".",Rumi,Attar,was the spirit,Sanai,0.8904
107,"Rumi expresses his appreciation: ""Attar was the spirit, Sanai his eyes twain, And in time thereafter, Came we in their train"" and mentions in another poem: ""Attar has traversed the seven cities of Love, We are still at the turn of one street"".",Rumi,Attar,has traversed,the seven cities of Love,0.8904
107,"Rumi expresses his appreciation: ""Attar was the spirit, Sanai his eyes twain, And in time thereafter, Came we in their train"" and mentions in another poem: ""Attar has traversed the seven cities of Love, We are still at the turn of one street"".",Rumi,Rumi,mentions,Attar,0.8904
107,"Rumi expresses his appreciation: ""Attar was the spirit, Sanai his eyes twain, And in time thereafter, Came we in their train"" and mentions in another poem: ""Attar has traversed the seven cities of Love, We are still at the turn of one street"".",Rumi,Rumi,mentions,We,0.8904
107,"Rumi expresses his appreciation: ""Attar was the spirit, Sanai his eyes twain, And in time thereafter, Came we in their train"" and mentions in another poem: ""Attar has traversed the seven cities of Love, We are still at the turn of one street"".",Rumi,We,are still at the turn of,one street,0.8904
108,His father was also connected to the spiritual lineage of Najm al-Din Kubra.,Rumi,His father,was connected to,the spiritual lineage of Najm al-Din Kubra,0.8683
110,"He was buried in Konya, and his shrine became a place of pilgrimage.",Rumi,He,was buried in,Konya,0.6783
111,"Upon his death, his followers and his son Sultan Walad founded the Mevlevi Order, also known as the Order of the Whirling Dervishes, famous for the Sufi dance known as the Sama ceremony.",Rumi,Sultan Walad,founded,the Mevlevi Order,0.6509
111,"Upon his death, his followers and his son Sultan Walad founded the Mevlevi Order, also known as the Order of the Whirling Dervishes, famous for the Sufi dance known as the Sama ceremony.",Rumi,his followers,founded,the Mevlevi Order,0.6509
111,"Upon his death, his followers and his son Sultan Walad founded the Mevlevi Order, also known as the Order of the Whirling Dervishes, famous for the Sufi dance known as the Sama ceremony.",Rumi,the Mevlevi Order,is also known as,the Order of the Whirling Dervishes,0.6509
111,"Upon his death, his followers and his son Sultan Walad founded the Mevlevi Order, also known as the Order of the Whirling Dervishes, famous for the Sufi dance known as the Sama ceremony.",Rumi,the Mevlevi Order,is famous for,the Sufi dance known as the Sama ceremony,0.6509
112,"He was laid to rest beside his father, and over his remains a shrine was erected.",Rumi,He,was laid to rest beside,his father,0.6685
112,"He was laid to rest beside his father, and over his remains a shrine was erected.",Rumi,He,was laid to rest beside,a shrine,0.6685
112,"He was laid to rest beside his father, and over his remains a shrine was erected.",Rumi,a shrine,was erected over,He,0.6685
113,A hagiographical account of him is described in Shams ud-Din Ahmad Aflāki's Manāqib ul-Ārifīn .,Rumi,A hagiographical account of him,is described in,Shams ud-Din Ahmad Aflāki's Manāqib ul-Ārifīn,0.902
117,Cardiology 'heart' and -λογία 'study') is the study of the heart.,Cardiology,Cardiology,is the study of,the heart,0.6769
118,"Cardiology is a branch of medicine that deals with disorders of the heart and the cardiovascular system, and it is a sub-specialty of internal medicine.",Cardiology,Cardiology,is a branch of,medicine,0.7852
118,"Cardiology is a branch of medicine that deals with disorders of the heart and the cardiovascular system, and it is a sub-specialty of internal medicine.",Cardiology,Cardiology,deals with,disorders of the heart and the cardiovascular system,0.7852
118,"Cardiology is a branch of medicine that deals with disorders of the heart and the cardiovascular system, and it is a sub-specialty of internal medicine.",Cardiology,Cardiology,is a sub-specialty of,internal medicine,0.7852
120,Physicians who specialize in this field of medicine are called cardiologists.,Cardiology,Physicians,specialize in,this field of medicine,0.8592
120,Physicians who specialize in this field of medicine are called cardiologists.,Cardiology,Physicians,are called,cardiologists,0.8592
121,Pediatric cardiologists are pediatricians who specialize in cardiology.,Cardiology,Pediatric cardiologists,are,pediatricians,0.8544
121,Pediatric cardiologists are pediatricians who specialize in cardiology.,Cardiology,Pediatric cardiologists,specialize in,cardiology,0.8544
122,"Physicians who specialize in cardiac surgery are called cardiothoracic surgeons or cardiac surgeons, a specialty of general surgery.",Cardiology,Physicians who specialize in cardiac surgery,are called,cardiothoracic surgeons or cardiac surgeons,0.705
122,"Physicians who specialize in cardiac surgery are called cardiothoracic surgeons or cardiac surgeons, a specialty of general surgery.",Cardiology,cardiothoracic surgeons or cardiac surgeons,are a specialty of,general surgery,0.705
130,"To become a cardiologist in the United States, a three-year residency in internal medicine is followed by a three-year fellowship in cardiology.",Cardiology,a three-year residency in internal medicine,is followed by,a three-year fellowship in cardiology,0.762
130,"To become a cardiologist in the United States, a three-year residency in internal medicine is followed by a three-year fellowship in cardiology.",Cardiology,a three-year residency in internal medicine,is required to become,a cardiologist in the United States,0.732
132,"Recognized sub-specialties in the U.S. by the Accreditation Council for Graduate Medical Education are clinical cardiac electrophysiology, interventional cardiology, adult congenital heart disease, and advanced heart failure and transplant cardiology.",Cardiology,Accreditation Council for Graduate Medical Education,recognizes,clinical cardiac electrophysiology,0.6537
132,"Recognized sub-specialties in the U.S. by the Accreditation Council for Graduate Medical Education are clinical cardiac electrophysiology, interventional cardiology, adult congenital heart disease, and advanced heart failure and transplant cardiology.",Cardiology,Accreditation Council for Graduate Medical Education,recognizes,adult congenital heart disease,0.657
132,"Recognized sub-specialties in the U.S. by the Accreditation Council for Graduate Medical Education are clinical cardiac electrophysiology, interventional cardiology, adult congenital heart disease, and advanced heart failure and transplant cardiology.",Cardiology,Accreditation Council for Graduate Medical Education,recognizes,advanced heart failure and transplant cardiology,0.6597
133,"Cardiologists may further become certified in echocardiography by the National Board of Echocardiography, in nuclear cardiology by the Certification Board of Nuclear Cardiology, in cardiovascular computed tomography by the Certification Board of Cardiovascular Computed Tomography in cardiovascular MRI by the Certification Board of Cardiovascular Magnetic Resonance.",Cardiology,Cardiologists,may become certified in,echocardiography by the National Board of Echocardiography,0.7524
133,"Cardiologists may further become certified in echocardiography by the National Board of Echocardiography, in nuclear cardiology by the Certification Board of Nuclear Cardiology, in cardiovascular computed tomography by the Certification Board of Cardiovascular Computed Tomography in cardiovascular MRI by the Certification Board of Cardiovascular Magnetic Resonance.",Cardiology,Cardiologists,may become certified in,nuclear cardiology by the Certification Board of Nuclear Cardiology,0.7524
133,"Cardiologists may further become certified in echocardiography by the National Board of Echocardiography, in nuclear cardiology by the Certification Board of Nuclear Cardiology, in cardiovascular computed tomography by the Certification Board of Cardiovascular Computed Tomography in cardiovascular MRI by the Certification Board of Cardiovascular Magnetic Resonance.",Cardiology,Cardiologists,may become certified in,cardiovascular computed tomography by the Certification Board of Cardiovascular Computed Tomography,0.7524
133,"Cardiologists may further become certified in echocardiography by the National Board of Echocardiography, in nuclear cardiology by the Certification Board of Nuclear Cardiology, in cardiovascular computed tomography by the Certification Board of Cardiovascular Computed Tomography in cardiovascular MRI by the Certification Board of Cardiovascular Magnetic Resonance.",Cardiology,Cardiologists,may become certified in,cardiovascular MRI by the Certification Board of Cardiovascular Magnetic Resonance,0.7524
134,Recognized subspecialties in the U.S. by the American Osteopathic Association Bureau of Osteopathic Specialists include clinical cardiac electrophysiology and interventional cardiology.,Cardiology,American Osteopathic Association Bureau of Osteopathic Specialists,include,clinical cardiac electrophysiology,0.7113
134,Recognized subspecialties in the U.S. by the American Osteopathic Association Bureau of Osteopathic Specialists include clinical cardiac electrophysiology and interventional cardiology.,Cardiology,American Osteopathic Association Bureau of Osteopathic Specialists,include,interventional cardiology,0.7113
136,"As cardiologists are physicians, all prospective cardiologists must complete the Membership of the Royal Colleges of Physicians of the United Kingdom diploma, prior to commencing cardiology specialty training.",Cardiology,cardiologists,are,physicians,0.8193
136,"As cardiologists are physicians, all prospective cardiologists must complete the Membership of the Royal Colleges of Physicians of the United Kingdom diploma, prior to commencing cardiology specialty training.",Cardiology,prospective cardiologists,must complete,Membership of the Royal Colleges of Physicians of the United Kingdom diploma,0.8193
136,"As cardiologists are physicians, all prospective cardiologists must complete the Membership of the Royal Colleges of Physicians of the United Kingdom diploma, prior to commencing cardiology specialty training.",Cardiology,Membership of the Royal Colleges of Physicians of the United Kingdom diploma,is required for,cardiology specialty training,0.7921
138,"All cardiologists must complete a core curriculum in cardiology, and may undertake further training and additional qualifications and certifications necessary for their chosen sub-specialty, before being awarded the Certificate of Completion of Training in cardiology.",Cardiology,cardiologists,must complete,core curriculum in cardiology,0.6941
138,"All cardiologists must complete a core curriculum in cardiology, and may undertake further training and additional qualifications and certifications necessary for their chosen sub-specialty, before being awarded the Certificate of Completion of Training in cardiology.",Cardiology,cardiologists,may undertake,further training,0.6941
138,"All cardiologists must complete a core curriculum in cardiology, and may undertake further training and additional qualifications and certifications necessary for their chosen sub-specialty, before being awarded the Certificate of Completion of Training in cardiology.",Cardiology,cardiologists,may undertake,additional qualifications,0.6941
138,"All cardiologists must complete a core curriculum in cardiology, and may undertake further training and additional qualifications and certifications necessary for their chosen sub-specialty, before being awarded the Certificate of Completion of Training in cardiology.",Cardiology,cardiologists,may undertake,certifications,0.6941
138,"All cardiologists must complete a core curriculum in cardiology, and may undertake further training and additional qualifications and certifications necessary for their chosen sub-specialty, before being awarded the Certificate of Completion of Training in cardiology.",Cardiology,cardiologists,are necessary for,chosen sub-specialty,0.6941
138,"All cardiologists must complete a core curriculum in cardiology, and may undertake further training and additional qualifications and certifications necessary for their chosen sub-specialty, before being awarded the Certificate of Completion of Training in cardiology.",Cardiology,cardiologists,are awarded,Certificate of Completion of Training in cardiology,0.6941
140,"After completing Class 12th , students appear for the Medical Entrance Exam conducted at the National level, and then the National Eligibility cum Entrance Test , which allows students to take MBBS/BDS courses.",Cardiology,Medical Entrance Exam,is conducted at the,National level,0.7249
140,"After completing Class 12th , students appear for the Medical Entrance Exam conducted at the National level, and then the National Eligibility cum Entrance Test , which allows students to take MBBS/BDS courses.",Cardiology,National Eligibility cum Entrance Test,allows students to take,MBBS/BDS courses,0.7249
150,Other therapeutic modalities employed in this field include antiarrhythmic drug therapy and implantation of pacemakers and automatic implantable cardioverter-defibrillators .,Cardiology,antiarrhythmic drug therapy,is a type of,therapeutic modality,0.7869
150,Other therapeutic modalities employed in this field include antiarrhythmic drug therapy and implantation of pacemakers and automatic implantable cardioverter-defibrillators .,Cardiology,implantation of pacemakers,is a type of,therapeutic modality,0.7669
150,Other therapeutic modalities employed in this field include antiarrhythmic drug therapy and implantation of pacemakers and automatic implantable cardioverter-defibrillators .,Cardiology,implantation of automatic implantable cardioverter-defibrillators,is a type of,therapeutic modality,0.8119
152,Sometimes a series of electrophysiology-study drug trials must be conducted to enable the cardiologist to select the one regimen for long-term treatment that best prevents or slows the development of VT or VF following PES.,Cardiology,cardiologist,must conduct,electrophysiology-study drug trials,0.7658
152,Sometimes a series of electrophysiology-study drug trials must be conducted to enable the cardiologist to select the one regimen for long-term treatment that best prevents or slows the development of VT or VF following PES.,Cardiology,cardiologist,select,one regimen,0.8086
152,Sometimes a series of electrophysiology-study drug trials must be conducted to enable the cardiologist to select the one regimen for long-term treatment that best prevents or slows the development of VT or VF following PES.,Cardiology,one regimen,best prevents or slows,development of VT or VF,0.8086
152,Sometimes a series of electrophysiology-study drug trials must be conducted to enable the cardiologist to select the one regimen for long-term treatment that best prevents or slows the development of VT or VF following PES.,Cardiology,one regimen,is for,long-term treatment,0.8086
152,Sometimes a series of electrophysiology-study drug trials must be conducted to enable the cardiologist to select the one regimen for long-term treatment that best prevents or slows the development of VT or VF following PES.,Cardiology,PES,follows,VT or VF,0.7336
155,Cardiologists with expertise in this area are usually referred to as electrophysiologists.,Cardiology,Cardiologists,are usually referred to as,electrophysiologists,0.7198
230,The decision-making agent assigns a number to each situation that measures how much the agent prefers it.,Artificial intelligence,The decision-making agent,assigns,a number,0.7234
230,The decision-making agent assigns a number to each situation that measures how much the agent prefers it.,Artificial intelligence,The decision-making agent,measures,how much the agent prefers it,0.7234
251,But one of the most popular types of machine learning algorithm is called a neural network .,https://www.ibm.com/think/topics/artificial-intelligence,machine learning algorithm,is called,neural network,0.6989
259,"Deep neural networks include an input layer, at least three but usually hundreds of hidden layers, and an output layer, unlike neural networks used in classic machine learning models, which usually have only one or two hidden layers.",https://www.ibm.com/think/topics/artificial-intelligence,Deep neural networks,include,an input layer,0.8691
259,"Deep neural networks include an input layer, at least three but usually hundreds of hidden layers, and an output layer, unlike neural networks used in classic machine learning models, which usually have only one or two hidden layers.",https://www.ibm.com/think/topics/artificial-intelligence,Deep neural networks,include,at least three but usually hundreds of hidden layers,0.8691
259,"Deep neural networks include an input layer, at least three but usually hundreds of hidden layers, and an output layer, unlike neural networks used in classic machine learning models, which usually have only one or two hidden layers.",https://www.ibm.com/think/topics/artificial-intelligence,Deep neural networks,include,an output layer,0.8691
259,"Deep neural networks include an input layer, at least three but usually hundreds of hidden layers, and an output layer, unlike neural networks used in classic machine learning models, which usually have only one or two hidden layers.",https://www.ibm.com/think/topics/artificial-intelligence,neural networks used in classic machine learning models,usually have,only one or two hidden layers,0.8691
264,"Deep learning also enables:
Generative AI, sometimes called ""gen AI"" , refers to deep learning models that can create complex original content such as long-form text, high-quality images, realistic video or audio and more in response to a user’s prompt or request.",https://www.ibm.com/think/topics/artificial-intelligence,Generative AI,is referred to as,deep learning models,0.7997
264,"Deep learning also enables:
Generative AI, sometimes called ""gen AI"" , refers to deep learning models that can create complex original content such as long-form text, high-quality images, realistic video or audio and more in response to a user’s prompt or request.",https://www.ibm.com/think/topics/artificial-intelligence,Generative AI,can create,complex original content,0.8426
264,"Deep learning also enables:
Generative AI, sometimes called ""gen AI"" , refers to deep learning models that can create complex original content such as long-form text, high-quality images, realistic video or audio and more in response to a user’s prompt or request.",https://www.ibm.com/think/topics/artificial-intelligence,Generative AI,can create,long-form text,0.8426
264,"Deep learning also enables:
Generative AI, sometimes called ""gen AI"" , refers to deep learning models that can create complex original content such as long-form text, high-quality images, realistic video or audio and more in response to a user’s prompt or request.",https://www.ibm.com/think/topics/artificial-intelligence,Generative AI,can create,high-quality images,0.8426
264,"Deep learning also enables:
Generative AI, sometimes called ""gen AI"" , refers to deep learning models that can create complex original content such as long-form text, high-quality images, realistic video or audio and more in response to a user’s prompt or request.",https://www.ibm.com/think/topics/artificial-intelligence,Generative AI,can create,realistic video,0.8426
264,"Deep learning also enables:
Generative AI, sometimes called ""gen AI"" , refers to deep learning models that can create complex original content such as long-form text, high-quality images, realistic video or audio and more in response to a user’s prompt or request.",https://www.ibm.com/think/topics/artificial-intelligence,Generative AI,can create,audio,0.8426
282,"Earth's atmosphere now has roughly 50% more carbon dioxide, the main gas driving global warming, than it did at the end of the pre-industrial era, reaching levels not seen for millions of years.",Climate change,Earth's atmosphere,has roughly 50% more,carbon dioxide,0.7001
282,"Earth's atmosphere now has roughly 50% more carbon dioxide, the main gas driving global warming, than it did at the end of the pre-industrial era, reaching levels not seen for millions of years.",Climate change,Earth's atmosphere,has levels of,carbon dioxide,0.7001
282,"Earth's atmosphere now has roughly 50% more carbon dioxide, the main gas driving global warming, than it did at the end of the pre-industrial era, reaching levels not seen for millions of years.",Climate change,carbon dioxide,reaches levels not seen for,millions of years,0.6626
292,The World Health Organization calls climate change one of the biggest threats to global health in the 21st century.,Climate change,The World Health Organization,calls,climate change,0.6938
292,The World Health Organization calls climate change one of the biggest threats to global health in the 21st century.,Climate change,The World Health Organization,calls,one of the biggest threats to global health,0.6938
306,Scientists used the term inadvertent climate modification to refer to human impacts on the climate at this time.,Climate change,Scientists,used the term,inadvertent climate modification,0.8052
306,Scientists used the term inadvertent climate modification to refer to human impacts on the climate at this time.,Climate change,Scientists,refer to,human impacts on the climate at this time,0.8052
310,The term anthropogenic climate change is sometimes used to describe climate change resulting from human activities.,Climate change,anthropogenic climate change,is used to describe,climate change resulting from human activities,0.8575
311,Global warming—used as early as 1975—became the more popular term after NASA climate scientist James Hansen used it in his 1988 testimony in the U.S. Senate.,Climate change,Global warming,was used as early as,1975,0.7167
311,Global warming—used as early as 1975—became the more popular term after NASA climate scientist James Hansen used it in his 1988 testimony in the U.S. Senate.,Climate change,Global warming,became the more popular term after,James Hansen,0.7167
311,Global warming—used as early as 1975—became the more popular term after NASA climate scientist James Hansen used it in his 1988 testimony in the U.S. Senate.,Climate change,James Hansen,used the term,Global warming,0.7167
311,Global warming—used as early as 1975—became the more popular term after NASA climate scientist James Hansen used it in his 1988 testimony in the U.S. Senate.,Climate change,James Hansen,used the term in his testimony,U.S. Senate,0.7167
311,Global warming—used as early as 1975—became the more popular term after NASA climate scientist James Hansen used it in his 1988 testimony in the U.S. Senate.,Climate change,James Hansen,testified in the,U.S. Senate,0.6667
311,Global warming—used as early as 1975—became the more popular term after NASA climate scientist James Hansen used it in his 1988 testimony in the U.S. Senate.,Climate change,James Hansen,used the term in his 1988 testimony in the,U.S. Senate,0.7167
321,The main greenhouse gases that are causing climate change include carbon dioxide and methane.,https://www.un.org/en/climatechange/what-is-climate-change,carbon dioxide,are causing,climate change,0.6795
321,The main greenhouse gases that are causing climate change include carbon dioxide and methane.,https://www.un.org/en/climatechange/what-is-climate-change,carbon dioxide,include,carbon dioxide,0.6795
321,The main greenhouse gases that are causing climate change include carbon dioxide and methane.,https://www.un.org/en/climatechange/what-is-climate-change,carbon dioxide,include,methane,0.6795
321,The main greenhouse gases that are causing climate change include carbon dioxide and methane.,https://www.un.org/en/climatechange/what-is-climate-change,methane,include,carbon dioxide,0.6795
321,The main greenhouse gases that are causing climate change include carbon dioxide and methane.,https://www.un.org/en/climatechange/what-is-climate-change,methane,include,methane,0.6795
321,The main greenhouse gases that are causing climate change include carbon dioxide and methane.,https://www.un.org/en/climatechange/what-is-climate-change,methane,are causing,climate change,0.6795
326,Climate scientists have showed that humans are responsible for virtually all global heating over the last 200 years.,https://www.un.org/en/climatechange/what-is-climate-change,Climate scientists,have showed,that,0.8617
326,Climate scientists have showed that humans are responsible for virtually all global heating over the last 200 years.,https://www.un.org/en/climatechange/what-is-climate-change,Climate scientists,have showed,humans,0.8617
326,Climate scientists have showed that humans are responsible for virtually all global heating over the last 200 years.,https://www.un.org/en/climatechange/what-is-climate-change,humans,are responsible for,global heating,0.8617
326,Climate scientists have showed that humans are responsible for virtually all global heating over the last 200 years.,https://www.un.org/en/climatechange/what-is-climate-change,humans,are responsible for,virtually all global heating over the last 200 years,0.8617
328,"The average temperature of the Earth’s surface is now about 1.42°C warmer than it was in the late 1800s-prior to the industrial revolution-and warmer than at any time in the last 100,000 years.",https://www.un.org/en/climatechange/what-is-climate-change,Earth's surface,is warmer than,it was in the late 1800s,0.6504
328,"The average temperature of the Earth’s surface is now about 1.42°C warmer than it was in the late 1800s-prior to the industrial revolution-and warmer than at any time in the last 100,000 years.",https://www.un.org/en/climatechange/what-is-climate-change,Earth's surface,is warmer than,"at any time in the last 100,000 years",0.6504
341,"The six biggest emitters (China, the United States of America, India, the European Union, the Russian Federation, and Indonesia) together account for more than half of all global greenhouse gas emissions.",https://www.un.org/en/climatechange/what-is-climate-change,China,account for,more than half of all global greenhouse gas emissions,0.7599
341,"The six biggest emitters (China, the United States of America, India, the European Union, the Russian Federation, and Indonesia) together account for more than half of all global greenhouse gas emissions.",https://www.un.org/en/climatechange/what-is-climate-change,the United States of America,account for,more than half of all global greenhouse gas emissions,0.7599
341,"The six biggest emitters (China, the United States of America, India, the European Union, the Russian Federation, and Indonesia) together account for more than half of all global greenhouse gas emissions.",https://www.un.org/en/climatechange/what-is-climate-change,India,account for,more than half of all global greenhouse gas emissions,0.7599
341,"The six biggest emitters (China, the United States of America, India, the European Union, the Russian Federation, and Indonesia) together account for more than half of all global greenhouse gas emissions.",https://www.un.org/en/climatechange/what-is-climate-change,the European Union,account for,more than half of all global greenhouse gas emissions,0.7599
341,"The six biggest emitters (China, the United States of America, India, the European Union, the Russian Federation, and Indonesia) together account for more than half of all global greenhouse gas emissions.",https://www.un.org/en/climatechange/what-is-climate-change,the Russian Federation,account for,more than half of all global greenhouse gas emissions,0.7599
341,"The six biggest emitters (China, the United States of America, India, the European Union, the Russian Federation, and Indonesia) together account for more than half of all global greenhouse gas emissions.",https://www.un.org/en/climatechange/what-is-climate-change,Indonesia,account for,more than half of all global greenhouse gas emissions,0.7599
345,"We also have global frameworks and agreements to guide progress, such as the Sustainable Development Goals , the UN Framework Convention on Climate Change and the Paris Agreement .",https://www.un.org/en/climatechange/what-is-climate-change,Sustainable Development Goals,are a part of,global frameworks and agreements,0.8895
345,"We also have global frameworks and agreements to guide progress, such as the Sustainable Development Goals , the UN Framework Convention on Climate Change and the Paris Agreement .",https://www.un.org/en/climatechange/what-is-climate-change,Sustainable Development Goals,are a part of,guidance for progress,0.8324
345,"We also have global frameworks and agreements to guide progress, such as the Sustainable Development Goals , the UN Framework Convention on Climate Change and the Paris Agreement .",https://www.un.org/en/climatechange/what-is-climate-change,UN Framework Convention on Climate Change,is a part of,global frameworks and agreements,0.8991
345,"We also have global frameworks and agreements to guide progress, such as the Sustainable Development Goals , the UN Framework Convention on Climate Change and the Paris Agreement .",https://www.un.org/en/climatechange/what-is-climate-change,UN Framework Convention on Climate Change,is a part of,guidance for progress,0.8574
345,"We also have global frameworks and agreements to guide progress, such as the Sustainable Development Goals , the UN Framework Convention on Climate Change and the Paris Agreement .",https://www.un.org/en/climatechange/what-is-climate-change,Paris Agreement,is a part of,global frameworks and agreements,0.8824
345,"We also have global frameworks and agreements to guide progress, such as the Sustainable Development Goals , the UN Framework Convention on Climate Change and the Paris Agreement .",https://www.un.org/en/climatechange/what-is-climate-change,Paris Agreement,is a part of,guidance for progress,0.8124
356,Climate action requires significant financial investments by governments and businesses.,https://www.un.org/en/climatechange/what-is-climate-change,governments,require,significant financial investments,0.8376
356,Climate action requires significant financial investments by governments and businesses.,https://www.un.org/en/climatechange/what-is-climate-change,businesses,require,significant financial investments,0.8376
357,"Penicillins are a group of β-lactam antibiotics originally obtained from Penicillium moulds, principally P. chrysogenum and P. rubens.",Penicillin,Penicillins,are a group of,β-lactam antibiotics,0.7632
357,"Penicillins are a group of β-lactam antibiotics originally obtained from Penicillium moulds, principally P. chrysogenum and P. rubens.",Penicillin,Penicillins,are originally obtained from,Penicillium moulds,0.7632
357,"Penicillins are a group of β-lactam antibiotics originally obtained from Penicillium moulds, principally P. chrysogenum and P. rubens.",Penicillin,Penicillins,are originally obtained from,P. chrysogenum,0.7632
357,"Penicillins are a group of β-lactam antibiotics originally obtained from Penicillium moulds, principally P. chrysogenum and P. rubens.",Penicillin,Penicillins,are originally obtained from,P. rubens,0.7632
359,"A number of natural penicillins have been discovered, but only two purified compounds are in clinical use: penicillin G and penicillin V .",Penicillin,penicillin G,are in clinical use,penicillin V,0.6955
359,"A number of natural penicillins have been discovered, but only two purified compounds are in clinical use: penicillin G and penicillin V .",Penicillin,penicillin V,are in clinical use,penicillin G,0.6955
360,Penicillins were among the first medications to be effective against many bacterial infections caused by staphylococci and streptococci.,Penicillin,Penicillins,were effective against,many bacterial infections caused by staphylococci and streptococci,0.8385
360,Penicillins were among the first medications to be effective against many bacterial infections caused by staphylococci and streptococci.,Penicillin,Penicillins,were among the first medications,to be effective against many bacterial infections caused by staphylococci and streptococci,0.8385
363,"Additionally, those with penicillin allergies can usually tolerate cephalosporins because the immunoglobulin E cross-reactivity is only 3%.",Penicillin,penicillin allergies,can be tolerated by,cephalosporins,0.6763
363,"Additionally, those with penicillin allergies can usually tolerate cephalosporins because the immunoglobulin E cross-reactivity is only 3%.",Penicillin,cephalosporins,are similar to,penicillin,0.6763
363,"Additionally, those with penicillin allergies can usually tolerate cephalosporins because the immunoglobulin E cross-reactivity is only 3%.",Penicillin,immunoglobulin E cross-reactivity,is,3%,0.7763
364,Penicillin was discovered in 1928 by the Scottish physician Alexander Fleming as a crude extract of P. rubens.,Penicillin,Penicillin,was discovered in,1928,0.7978
364,Penicillin was discovered in 1928 by the Scottish physician Alexander Fleming as a crude extract of P. rubens.,Penicillin,Penicillin,was discovered by,Alexander Fleming,0.7978
364,Penicillin was discovered in 1928 by the Scottish physician Alexander Fleming as a crude extract of P. rubens.,Penicillin,Penicillin,was discovered as,a crude extract of P. rubens,0.7978
364,Penicillin was discovered in 1928 by the Scottish physician Alexander Fleming as a crude extract of P. rubens.,Penicillin,Alexander Fleming,is a,Scottish physician,0.7978
365,Fleming's student Cecil George Paine was the first to successfully use penicillin to treat eye infection in 1930.,Penicillin,Cecil George Paine,was the first to successfully use,penicillin,0.6747
365,Fleming's student Cecil George Paine was the first to successfully use penicillin to treat eye infection in 1930.,Penicillin,Cecil George Paine,treat,eye infection,0.6747
365,Fleming's student Cecil George Paine was the first to successfully use penicillin to treat eye infection in 1930.,Penicillin,Cecil George Paine,was,Fleming's student,0.6747
365,Fleming's student Cecil George Paine was the first to successfully use penicillin to treat eye infection in 1930.,Penicillin,Cecil George Paine,use,penicillin,0.6747
365,Fleming's student Cecil George Paine was the first to successfully use penicillin to treat eye infection in 1930.,Penicillin,Cecil George Paine,treat,eye infection in 1930,0.6747
366,The purified compound was isolated in 1940 by a research team led by Howard Florey and Ernst Boris Chain at the University of Oxford.,Penicillin,The purified compound,was isolated in,1940,0.7792
366,The purified compound was isolated in 1940 by a research team led by Howard Florey and Ernst Boris Chain at the University of Oxford.,Penicillin,The purified compound,was isolated by,a research team led by Howard Florey and Ernst Boris Chain,0.7792
366,The purified compound was isolated in 1940 by a research team led by Howard Florey and Ernst Boris Chain at the University of Oxford.,Penicillin,a research team led by Howard Florey and Ernst Boris Chain,led by,Howard Florey and Ernst Boris Chain,0.7792
366,The purified compound was isolated in 1940 by a research team led by Howard Florey and Ernst Boris Chain at the University of Oxford.,Penicillin,a research team led by Howard Florey and Ernst Boris Chain,is located at,the University of Oxford,0.7542
367,Fleming first used the purified penicillin to treat streptococcal meningitis in 1942.,Penicillin,Fleming,first used,the purified penicillin,0.7233
367,Fleming first used the purified penicillin to treat streptococcal meningitis in 1942.,Penicillin,Fleming,used,the purified penicillin to treat streptococcal meningitis,0.7233
367,Fleming first used the purified penicillin to treat streptococcal meningitis in 1942.,Penicillin,the purified penicillin,was used to treat,streptococcal meningitis,0.7233
367,Fleming first used the purified penicillin to treat streptococcal meningitis in 1942.,Penicillin,Fleming,used,penicillin to treat streptococcal meningitis in 1942,0.7233
367,Fleming first used the purified penicillin to treat streptococcal meningitis in 1942.,Penicillin,the purified penicillin,was used in,1942,0.7233
368,"The 1945 Nobel Prize in Physiology or Medicine was shared by Chain, Fleming and Florey.",Penicillin,Chain,shared the Nobel Prize in Physiology or Medicine,1945,0.7266
368,"The 1945 Nobel Prize in Physiology or Medicine was shared by Chain, Fleming and Florey.",Penicillin,Fleming,shared the Nobel Prize in Physiology or Medicine,1945,0.7266
368,"The 1945 Nobel Prize in Physiology or Medicine was shared by Chain, Fleming and Florey.",Penicillin,Florey,shared the Nobel Prize in Physiology or Medicine,1945,0.7266
369,"Several semisynthetic penicillins are effective against a broader spectrum of bacteria: these include the antistaphylococcal penicillins, aminopenicillins, and antipseudomonal penicillins.",Penicillin,semisynthetic penicillins,are effective against,a broader spectrum of bacteria,0.742
369,"Several semisynthetic penicillins are effective against a broader spectrum of bacteria: these include the antistaphylococcal penicillins, aminopenicillins, and antipseudomonal penicillins.",Penicillin,these,include,the antistaphylococcal penicillins,0.742
369,"Several semisynthetic penicillins are effective against a broader spectrum of bacteria: these include the antistaphylococcal penicillins, aminopenicillins, and antipseudomonal penicillins.",Penicillin,these,include,the aminopenicillins,0.742
369,"Several semisynthetic penicillins are effective against a broader spectrum of bacteria: these include the antistaphylococcal penicillins, aminopenicillins, and antipseudomonal penicillins.",Penicillin,these,include,the antipseudomonal penicillins,0.742
371,It was coined by Alexander Fleming on 7 March 1929 when he discovered the antibacterial property of Penicillium rubens.,Penicillin,Penicillium rubens,has antibacterial property,antibacterial property,0.8022
371,It was coined by Alexander Fleming on 7 March 1929 when he discovered the antibacterial property of Penicillium rubens.,Penicillin,Alexander Fleming,discovered,Penicillium rubens,0.8622
371,It was coined by Alexander Fleming on 7 March 1929 when he discovered the antibacterial property of Penicillium rubens.,Penicillin,Alexander Fleming,coined,Penicillium rubens,0.8622
374,"I simply followed perfectly orthodox lines and coined a word which explained that the substance penicillin was derived from a plant of the genus Penicillium just as many years ago the word ""Digitalin"" was invented for a substance derived from the plant Digitalis.",Penicillin,penicillin,was derived from,a plant of the genus Penicillium,0.7223
374,"I simply followed perfectly orthodox lines and coined a word which explained that the substance penicillin was derived from a plant of the genus Penicillium just as many years ago the word ""Digitalin"" was invented for a substance derived from the plant Digitalis.",Penicillin,Digitalin,was invented for,a substance derived from the plant Digitalis,0.7223
376,"Like most natural products, penicillin is present in Penicillium moulds as a mixture of active constituents (gentamicin is another example of a natural product that is an ill-defined mixture of active components).",Penicillin,Penicillium moulds,is present in,penicillin,0.7702
376,"Like most natural products, penicillin is present in Penicillium moulds as a mixture of active constituents (gentamicin is another example of a natural product that is an ill-defined mixture of active components).",Penicillin,gentamicin,is an example of,a natural product,0.7702
376,"Like most natural products, penicillin is present in Penicillium moulds as a mixture of active constituents (gentamicin is another example of a natural product that is an ill-defined mixture of active components).",Penicillin,gentamicin,is an ill-defined mixture of,active components,0.7702
378,"Other minor active components of Penicillium include penicillin O, penicillin U1, and penicillin U6.",Penicillin,Penicillium,include,penicillin O,0.8156
378,"Other minor active components of Penicillium include penicillin O, penicillin U1, and penicillin U6.",Penicillin,Penicillium,include,penicillin U1,0.8156
378,"Other minor active components of Penicillium include penicillin O, penicillin U1, and penicillin U6.",Penicillin,Penicillium,include,penicillin U6,0.8156
379,"Other named constituents of natural Penicillium, such as penicillin A, were subsequently found not to have antibiotic activity and are not chemically related to antibiotic penicillins.",Penicillin,penicillin A,are not chemically related to,antibiotic penicillins,0.6749
379,"Other named constituents of natural Penicillium, such as penicillin A, were subsequently found not to have antibiotic activity and are not chemically related to antibiotic penicillins.",Penicillin,penicillin A,were found not to have,antibiotic activity,0.6749
380,The precise constitution of the penicillin extracted depends on the species of Penicillium mould used and on the nutrient media used to culture the mould.,Penicillin,Penicillium mould,used to culture,mould,0.7485
380,The precise constitution of the penicillin extracted depends on the species of Penicillium mould used and on the nutrient media used to culture the mould.,Penicillin,Penicillium mould,used in,nutrient media,0.7485
380,The precise constitution of the penicillin extracted depends on the species of Penicillium mould used and on the nutrient media used to culture the mould.,Penicillin,penicillin extracted,depends on,species of Penicillium mould,0.7485
380,The precise constitution of the penicillin extracted depends on the species of Penicillium mould used and on the nutrient media used to culture the mould.,Penicillin,penicillin extracted,depends on,nutrient media,0.7485
381,"Fleming's original strain of Penicillium rubens produces principally penicillin F, named after Fleming.",Penicillin,Fleming's original strain of Penicillium rubens,produces,penicillin F,0.8365
381,"Fleming's original strain of Penicillium rubens produces principally penicillin F, named after Fleming.",Penicillin,penicillin F,is named after,Fleming,0.8365
383,The principal commercial strain of Penicillium chrysogenum produces penicillin G as the principal component when corn steep liquor is used as the culture medium.,Penicillin,Penicillium chrysogenum,produces,penicillin G,0.8168
383,The principal commercial strain of Penicillium chrysogenum produces penicillin G as the principal component when corn steep liquor is used as the culture medium.,Penicillin,Penicillium chrysogenum,produces,the principal component,0.8168
383,The principal commercial strain of Penicillium chrysogenum produces penicillin G as the principal component when corn steep liquor is used as the culture medium.,Penicillin,corn steep liquor,is used as,the culture medium,0.8168
384,"When phenoxyethanol or phenoxyacetic acid are added to the culture medium, the mould produces penicillin V as the main penicillin instead.",Penicillin,phenoxyethanol,is added to,culture medium,0.6544
384,"When phenoxyethanol or phenoxyacetic acid are added to the culture medium, the mould produces penicillin V as the main penicillin instead.",Penicillin,phenoxyacetic acid,is added to,culture medium,0.6544
384,"When phenoxyethanol or phenoxyacetic acid are added to the culture medium, the mould produces penicillin V as the main penicillin instead.",Penicillin,the mould,produces,penicillin V,0.6544
386,"There are many semi-synthetic penicillins derived from 6-APA and these are in three groups: antistaphylococcal penicillins, broad-spectrum penicillins, and antipseudomonal penicillins.",Penicillin,6-APA,is derived from,semi-synthetic penicillins,0.7445
386,"There are many semi-synthetic penicillins derived from 6-APA and these are in three groups: antistaphylococcal penicillins, broad-spectrum penicillins, and antipseudomonal penicillins.",Penicillin,semi-synthetic penicillins,are in,three groups,0.7445
386,"There are many semi-synthetic penicillins derived from 6-APA and these are in three groups: antistaphylococcal penicillins, broad-spectrum penicillins, and antipseudomonal penicillins.",Penicillin,semi-synthetic penicillins,are in,antistaphylococcal penicillins,0.7445
386,"There are many semi-synthetic penicillins derived from 6-APA and these are in three groups: antistaphylococcal penicillins, broad-spectrum penicillins, and antipseudomonal penicillins.",Penicillin,semi-synthetic penicillins,are in,broad-spectrum penicillins,0.7445
386,"There are many semi-synthetic penicillins derived from 6-APA and these are in three groups: antistaphylococcal penicillins, broad-spectrum penicillins, and antipseudomonal penicillins.",Penicillin,semi-synthetic penicillins,are in,antipseudomonal penicillins,0.7445
387,"The semi-synthetic penicillins are all referred to as penicillins because they are all derived ultimately from penicillin G.
Penicillin units
One unit of penicillin G sodium is defined as 0.600 micrograms.",Penicillin,penicillins,are referred to as,penicillins,0.6874
387,"The semi-synthetic penicillins are all referred to as penicillins because they are all derived ultimately from penicillin G.
Penicillin units
One unit of penicillin G sodium is defined as 0.600 micrograms.",Penicillin,penicillins,are derived from,penicillin G,0.6874
387,"The semi-synthetic penicillins are all referred to as penicillins because they are all derived ultimately from penicillin G.
Penicillin units
One unit of penicillin G sodium is defined as 0.600 micrograms.",Penicillin,penicillin G sodium,is defined as,0.600 micrograms,0.6874
388,"Therefore, 2 million units of penicillin G is 1.2 g.
One unit of penicillin V potassium is defined as 0.625 micrograms.",Penicillin,2 million units of penicillin G,is,1.2 g,0.6611
388,"Therefore, 2 million units of penicillin G is 1.2 g.
One unit of penicillin V potassium is defined as 0.625 micrograms.",Penicillin,One unit of penicillin V potassium,is defined as,0.625 micrograms,0.6611
393,"To address this problem, after manufacture, each batch of penicillin was standardised against a known unit of penicillin: each glass vial was then filled with the number of units required.",Penicillin,each batch of penicillin,was standardised against,a known unit of penicillin,0.8295
393,"To address this problem, after manufacture, each batch of penicillin was standardised against a known unit of penicillin: each glass vial was then filled with the number of units required.",Penicillin,each glass vial,was filled with,the number of units required,0.8295
395,"Later, a vial of 1,000,000 international units became standard, and this could contain 2.5 g to 3 g of natural penicillin (a mixture of penicillin I, II, III, and IV and natural impurities).",Penicillin,"a vial of 1,000,000 international units",became standard,later,0.6588
395,"Later, a vial of 1,000,000 international units became standard, and this could contain 2.5 g to 3 g of natural penicillin (a mixture of penicillin I, II, III, and IV and natural impurities).",Penicillin,"a vial of 1,000,000 international units",could contain,2.5 g to 3 g of natural penicillin,0.6588
395,"Later, a vial of 1,000,000 international units became standard, and this could contain 2.5 g to 3 g of natural penicillin (a mixture of penicillin I, II, III, and IV and natural impurities).",Penicillin,2.5 g to 3 g of natural penicillin,is a mixture of,"penicillin I, II, III, and IV and natural impurities",0.6588
403,The Silk Road derives its name from the highly lucrative trade of silk textiles that were primarily produced in China.,Silk Road,The Silk Road,derives its name from,the highly lucrative trade of silk textiles,0.7459
403,The Silk Road derives its name from the highly lucrative trade of silk textiles that were primarily produced in China.,Silk Road,The Silk Road,was primarily produced in,China,0.7459
404,"The network began with the expansion of the Han dynasty into Central Asia around 114 BCE, through the missions and explorations of the Chinese imperial envoy Zhang Qian, which brought the region under unified control.",Silk Road,Han dynasty,expanded into,Central Asia,0.6837
404,"The network began with the expansion of the Han dynasty into Central Asia around 114 BCE, through the missions and explorations of the Chinese imperial envoy Zhang Qian, which brought the region under unified control.",Silk Road,Zhang Qian,brought,the region under unified control,0.7337
404,"The network began with the expansion of the Han dynasty into Central Asia around 114 BCE, through the missions and explorations of the Chinese imperial envoy Zhang Qian, which brought the region under unified control.",Silk Road,Zhang Qian,was a,Chinese imperial envoy,0.7337
405,"The Chinese took great interest in the security of their trade products, and extended the Great Wall of China to ensure the protection of the trade route.",Silk Road,The Chinese,extended,the Great Wall of China,0.769
405,"The Chinese took great interest in the security of their trade products, and extended the Great Wall of China to ensure the protection of the trade route.",Silk Road,The Chinese,took interest in,the security of their trade products,0.769
405,"The Chinese took great interest in the security of their trade products, and extended the Great Wall of China to ensure the protection of the trade route.",Silk Road,The Chinese,extended,the protection of the trade route,0.769
406,The Parthian Empire provided a vital bridge connecting the network to the Mediterranean.,Silk Road,The Parthian Empire,provided a vital bridge connecting,the network,0.8326
406,The Parthian Empire provided a vital bridge connecting the network to the Mediterranean.,Silk Road,The Parthian Empire,is connected to,the Mediterranean,0.7576
407,"Meanwhile, the rise of the Roman Empire in the west further established the western terminus of the interconnected trade system.",Silk Road,Roman Empire,was established in,west,0.7259
407,"Meanwhile, the rise of the Roman Empire in the west further established the western terminus of the interconnected trade system.",Silk Road,Roman Empire,established the western terminus of,interconnected trade system,0.7259
419,"In the 21st century, the name ""New Silk Road"" is used to describe several large infrastructure projects along many of the historic trade routes; among the best known include the Eurasian Land Bridge and the Chinese Belt and Road Initiative .",Silk Road,21st century,is used to describe,New Silk Road,0.8287
419,"In the 21st century, the name ""New Silk Road"" is used to describe several large infrastructure projects along many of the historic trade routes; among the best known include the Eurasian Land Bridge and the Chinese Belt and Road Initiative .",Silk Road,New Silk Road,describes,several large infrastructure projects,0.7912
419,"In the 21st century, the name ""New Silk Road"" is used to describe several large infrastructure projects along many of the historic trade routes; among the best known include the Eurasian Land Bridge and the Chinese Belt and Road Initiative .",Silk Road,New Silk Road,is used to describe,Eurasian Land Bridge,0.8287
419,"In the 21st century, the name ""New Silk Road"" is used to describe several large infrastructure projects along many of the historic trade routes; among the best known include the Eurasian Land Bridge and the Chinese Belt and Road Initiative .",Silk Road,New Silk Road,is used to describe,Chinese Belt and Road Initiative,0.8287
420,"UNESCO designated the Chang'an-Tianshan corridor of the Silk Road as a World Heritage Site in 2014, and the Zarafshan-Karakum Corridor in 2023.",Silk Road,UNESCO,designated,Chang'an-Tianshan corridor of the Silk Road,0.7836
420,"UNESCO designated the Chang'an-Tianshan corridor of the Silk Road as a World Heritage Site in 2014, and the Zarafshan-Karakum Corridor in 2023.",Silk Road,UNESCO,designated,the Zarafshan-Karakum Corridor,0.7836
420,"UNESCO designated the Chang'an-Tianshan corridor of the Silk Road as a World Heritage Site in 2014, and the Zarafshan-Karakum Corridor in 2023.",Silk Road,Chang'an-Tianshan corridor of the Silk Road,was designated as,a World Heritage Site,0.7836
420,"UNESCO designated the Chang'an-Tianshan corridor of the Silk Road as a World Heritage Site in 2014, and the Zarafshan-Karakum Corridor in 2023.",Silk Road,the Zarafshan-Karakum Corridor,was designated as,a World Heritage Site,0.7836
420,"UNESCO designated the Chang'an-Tianshan corridor of the Silk Road as a World Heritage Site in 2014, and the Zarafshan-Karakum Corridor in 2023.",Silk Road,UNESCO,designated,a World Heritage Site,0.7836
420,"UNESCO designated the Chang'an-Tianshan corridor of the Silk Road as a World Heritage Site in 2014, and the Zarafshan-Karakum Corridor in 2023.",Silk Road,the Chang'an-Tianshan corridor of the Silk Road,was designated in,2014,0.7836
420,"UNESCO designated the Chang'an-Tianshan corridor of the Silk Road as a World Heritage Site in 2014, and the Zarafshan-Karakum Corridor in 2023.",Silk Road,the Zarafshan-Karakum Corridor,was designated in,2023,0.7836
421,"The Fergana-Syrdarya Corridor, the Indian and Iranian portions, and the remaining sites in China remain on the tentative lists.",Silk Road,Fergana-Syrdarya Corridor,are portions of,Indian and Iranian portions,0.7711
421,"The Fergana-Syrdarya Corridor, the Indian and Iranian portions, and the remaining sites in China remain on the tentative lists.",Silk Road,Fergana-Syrdarya Corridor,are portions of,the remaining sites in China,0.7711
426,"It derives from the German term Seidenstraße and was first popularized in 1877 by Ferdinand von Richthofen, who made seven expeditions to China from 1868 to 1872.",Silk Road,Seidenstraße,derives from,It,0.6585
426,"It derives from the German term Seidenstraße and was first popularized in 1877 by Ferdinand von Richthofen, who made seven expeditions to China from 1868 to 1872.",Silk Road,It,was popularized by,Ferdinand von Richthofen,0.6585
426,"It derives from the German term Seidenstraße and was first popularized in 1877 by Ferdinand von Richthofen, who made seven expeditions to China from 1868 to 1872.",Silk Road,Ferdinand von Richthofen,made expeditions to,China,0.6585
426,"It derives from the German term Seidenstraße and was first popularized in 1877 by Ferdinand von Richthofen, who made seven expeditions to China from 1868 to 1872.",Silk Road,Ferdinand von Richthofen,made seven expeditions to,China,0.6585
426,"It derives from the German term Seidenstraße and was first popularized in 1877 by Ferdinand von Richthofen, who made seven expeditions to China from 1868 to 1872.",Silk Road,Ferdinand von Richthofen,made expeditions from,1868 to 1872,0.6585
426,"It derives from the German term Seidenstraße and was first popularized in 1877 by Ferdinand von Richthofen, who made seven expeditions to China from 1868 to 1872.",Silk Road,Ferdinand von Richthofen,made expeditions from,1868,0.6585
426,"It derives from the German term Seidenstraße and was first popularized in 1877 by Ferdinand von Richthofen, who made seven expeditions to China from 1868 to 1872.",Silk Road,Ferdinand von Richthofen,made expeditions to,1872,0.6585
430,The first book entitled The Silk Road was by Swedish geographer,Silk Road,The first book,entitled,The Silk Road,0.8026
430,The first book entitled The Silk Road was by Swedish geographer,Silk Road,The first book,was by,Swedish geographer,0.8026
438,"Albert Einstein's theory of general relativity, which describes gravitation as the curvature of spacetime, predicts that any sufficiently compact mass will form a black hole.",Black hole,Albert Einstein,has theory,general relativity,0.7494
438,"Albert Einstein's theory of general relativity, which describes gravitation as the curvature of spacetime, predicts that any sufficiently compact mass will form a black hole.",Black hole,general relativity,describes,gravitation,0.7994
438,"Albert Einstein's theory of general relativity, which describes gravitation as the curvature of spacetime, predicts that any sufficiently compact mass will form a black hole.",Black hole,general relativity,predicts,black hole,0.7994
438,"Albert Einstein's theory of general relativity, which describes gravitation as the curvature of spacetime, predicts that any sufficiently compact mass will form a black hole.",Black hole,black hole,is formed by,sufficiently compact mass,0.7137
443,"In 1916, the first solution of general relativity that would characterise a black hole was found.",Black hole,general relativity,was found,black hole,0.8156
446,"The first widely accepted black hole was Cygnus X-1, identified by several researchers independently in 1971.",Black hole,Cygnus X-1,was identified by,several researchers,0.8166
446,"The first widely accepted black hole was Cygnus X-1, identified by several researchers independently in 1971.",Black hole,Cygnus X-1,was identified in,1971,0.8166
446,"The first widely accepted black hole was Cygnus X-1, identified by several researchers independently in 1971.",Black hole,Cygnus X-1,is the first widely accepted,black hole,0.8166
451,"Quantum field theory in curved spacetime predicts that event horizons emit Hawking radiation, with its rate of emission being inversely proportional to its mass.",Black hole,Hawking radiation,is inversely proportional to,mass,0.7925
451,"Quantum field theory in curved spacetime predicts that event horizons emit Hawking radiation, with its rate of emission being inversely proportional to its mass.",Black hole,event horizons,emit,Hawking radiation,0.7925
457,Merging black holes can be detected by the gravitational waves they emit.,Black hole,black holes,emit,gravitational waves,0.6946
458,"If stars are orbiting a black hole, their motions can be used to determine the black hole's mass and location.",Black hole,stars,are orbiting,a black hole,0.7512
458,"If stars are orbiting a black hole, their motions can be used to determine the black hole's mass and location.",Black hole,stars,can be used to determine,the black hole's mass,0.7512
458,"If stars are orbiting a black hole, their motions can be used to determine the black hole's mass and location.",Black hole,stars,can be used to determine,the black hole's location,0.7512
459,"In this way, astronomers have identified numerous stellar black hole candidates in binary systems and established that the radio source known as Sagittarius A*, at the core of the Milky Way galaxy, contains a supermassive black hole of about 4.3 million solar masses.",Black hole,Sagittarius A*,contains,a supermassive black hole of about 4.3 million solar masses,0.8023
459,"In this way, astronomers have identified numerous stellar black hole candidates in binary systems and established that the radio source known as Sagittarius A*, at the core of the Milky Way galaxy, contains a supermassive black hole of about 4.3 million solar masses.",Black hole,Sagittarius A*,is located at the core of,the Milky Way galaxy,0.7523
462,"Michell's idea, in a short part of a letter published in 1784, calculated that a star with the same density but 500 times the radius of the sun would not let any emitted light escape; the surface escape velocity would exceed the speed of light.",Black hole,Michell's idea,was published in,a letter published in 1784,0.681
462,"Michell's idea, in a short part of a letter published in 1784, calculated that a star with the same density but 500 times the radius of the sun would not let any emitted light escape; the surface escape velocity would exceed the speed of light.",Black hole,Michell's idea,calculated that,a star with the same density but 500 times the radius of the sun would not let any emitted light escape,0.681
465,"Franz Xaver von Zach asked Laplace for a mathematical analysis, which Laplace provided and published in von Zach's journal Allgemeine Geographische Ephemeriden.",Black hole,Franz Xaver von Zach,asked,Laplace,0.7907
465,"Franz Xaver von Zach asked Laplace for a mathematical analysis, which Laplace provided and published in von Zach's journal Allgemeine Geographische Ephemeriden.",Black hole,Laplace,provided,a mathematical analysis,0.7907
465,"Franz Xaver von Zach asked Laplace for a mathematical analysis, which Laplace provided and published in von Zach's journal Allgemeine Geographische Ephemeriden.",Black hole,Laplace,published,a mathematical analysis in Allgemeine Geographische Ephemeriden,0.7907
465,"Franz Xaver von Zach asked Laplace for a mathematical analysis, which Laplace provided and published in von Zach's journal Allgemeine Geographische Ephemeriden.",Black hole,Laplace,provided,a mathematical analysis,0.7907
465,"Franz Xaver von Zach asked Laplace for a mathematical analysis, which Laplace provided and published in von Zach's journal Allgemeine Geographische Ephemeriden.",Black hole,a mathematical analysis,was provided by,Laplace,0.7307
465,"Franz Xaver von Zach asked Laplace for a mathematical analysis, which Laplace provided and published in von Zach's journal Allgemeine Geographische Ephemeriden.",Black hole,a mathematical analysis,was published in,Allgemeine Geographische Ephemeriden,0.7907
465,"Franz Xaver von Zach asked Laplace for a mathematical analysis, which Laplace provided and published in von Zach's journal Allgemeine Geographische Ephemeriden.",Black hole,Laplace,provided and published,a mathematical analysis in Allgemeine Geographische Ephemeriden,0.7907
465,"Franz Xaver von Zach asked Laplace for a mathematical analysis, which Laplace provided and published in von Zach's journal Allgemeine Geographische Ephemeriden.",Black hole,a mathematical analysis in Allgemeine Geographische Ephemeriden,was provided and published by,Laplace,0.7574
466,"General relativity
In 1905, Albert Einstein showed that the laws of electromagnetism are identical for observers travelling at different velocities relative to each other.",Black hole,Albert Einstein,showed,laws of electromagnetism,0.7877
469,"In 1907, Einstein published a paper proposing his equivalence principle, the hypothesis that inertial mass and gravitational mass have a common cause.",Black hole,Einstein,published,a paper,0.9011
469,"In 1907, Einstein published a paper proposing his equivalence principle, the hypothesis that inertial mass and gravitational mass have a common cause.",Black hole,Einstein,proposed,his equivalence principle,0.8411
469,"In 1907, Einstein published a paper proposing his equivalence principle, the hypothesis that inertial mass and gravitational mass have a common cause.",Black hole,his equivalence principle,is,the hypothesis that inertial mass and gravitational mass have a common cause,0.9011
471,"By 1915, Einstein refined these ideas into his general theory of relativity, which explained how matter affects spacetime, which in turn affects the motion of other matter.",Black hole,Einstein,refined,his general theory of relativity,0.7978
471,"By 1915, Einstein refined these ideas into his general theory of relativity, which explained how matter affects spacetime, which in turn affects the motion of other matter.",Black hole,his general theory of relativity,explained,how matter affects spacetime,0.7978
471,"By 1915, Einstein refined these ideas into his general theory of relativity, which explained how matter affects spacetime, which in turn affects the motion of other matter.",Black hole,how matter affects spacetime,affects,the motion of other matter,0.7978
473,"Singular solutions in general relativity
Only a few months after Einstein published the field equations describing general relativity, astrophysicist Karl Schwarzschild set out to apply the idea to stars.",Black hole,Karl Schwarzschild,set out to apply the idea to,stars,0.6571
473,"Singular solutions in general relativity
Only a few months after Einstein published the field equations describing general relativity, astrophysicist Karl Schwarzschild set out to apply the idea to stars.",Black hole,Einstein,published,the field equations describing general relativity,0.6571
474,He assumed spherical symmetry with no spin and found a solution to Einstein's equations.,Black hole,He,assumed,spherical symmetry with no spin,0.6981
474,He assumed spherical symmetry with no spin and found a solution to Einstein's equations.,Black hole,He,found,a solution to Einstein's equations,0.6981
475,"A few months after Schwarzschild, Johannes Droste, a student of Hendrik Lorentz, independently gave the same solution.",Black hole,Johannes Droste,was a student of,Hendrik Lorentz,0.7361
485,"Scientists primarily detect and study them based on how they affect their surroundings:
The nearest known black hole, called Gaia BH1, is about 1,500 light-years away.",https://science.nasa.gov/universe/black-holes/,Gaia BH1,is,"1,500 light-years away",0.6886
485,"Scientists primarily detect and study them based on how they affect their surroundings:
The nearest known black hole, called Gaia BH1, is about 1,500 light-years away.",https://science.nasa.gov/universe/black-holes/,Gaia BH1,is a,black hole,0.6886
487,"The most massive black hole observed, TON 618, tips the scales at 66 billion times the Sun’s mass.",https://science.nasa.gov/universe/black-holes/,TON 618,tips the scales at,66 billion times the Sun's mass,0.6696
487,"The most massive black hole observed, TON 618, tips the scales at 66 billion times the Sun’s mass.",https://science.nasa.gov/universe/black-holes/,TON 618,is,the most massive black hole observed,0.6696
492,"The fastest-known – named GRS 1915+105 – clocks in at over 1,000 rotations per second.",https://science.nasa.gov/universe/black-holes/,GRS 1915+105,clocks in at,"over 1,000 rotations per second",0.7559
495,One type of black hole is born when massive stars run out of fuel and explode in supernovae.,https://science.nasa.gov/universe/black-holes/,black hole,is a type of,One type of black hole,0.7197
495,One type of black hole is born when massive stars run out of fuel and explode in supernovae.,https://science.nasa.gov/universe/black-holes/,massive stars,run out of fuel and explode in,supernovae,0.7197
497,"Our is called Sagittarius A* , and it’s 4 million times the Sun’s mass.",https://science.nasa.gov/universe/black-holes/,Our,is called,Sagittarius A*,0.7159
497,"Our is called Sagittarius A* , and it’s 4 million times the Sun’s mass.",https://science.nasa.gov/universe/black-holes/,Our,is,4 million times the Sun's mass,0.7159
